,STOCK,SMB,HML
1962,UONE,3.163089369,2.534451182
1977,UUU,2.506254609,2.022329594
1567,PSHG,0.395669872,1.902506453
788,FTLF,1.17923749,1.846942646
2100,YHGJ,1.407774736,1.344290188
435,CPSH,1.740550524,1.326072204
1132,LDWY,1.547030941,1.148163006
1402,OBE,1.824336305,1.113351357
382,CLRO,1.270010114,1.095341875
155,AVNW,1.495515776,1.048945275
1209,MD,1.410929422,1.042158191
1237,MHLD,0.667754383,0.987003405
335,CELH,2.0498395,0.906330609
1935,UAN,0.959559933,0.897447815
532,DIT,1.247911001,0.837373159
1739,SM,1.225679629,0.814259386
210,BGFV,1.047150988,0.797136968
931,HLX,1.371132237,0.733485253
1362,NR,1.541255767,0.717433219
1926,TXMD,-0.807516663,0.712880637
1095,KFS,1.231066165,0.70200007
610,ELMD,1.192554948,0.68220212
652,ESOA,0.870643279,0.677427222
1147,LINC,1.094030798,0.649104911
398,CMT,1.742434108,0.63829625
1374,NTIC,0.877905493,0.62424822
917,HGBL,1.304301985,0.620472313
1356,NOG,0.582900297,0.615892335
1970,USM,1.029150472,0.602370641
365,CIG,0.708837796,0.591580523
1043,ITI,1.133322247,0.591115974
1840,TDW,0.947010543,0.580108418
886,GTIM,0.347069519,0.577555286
1753,SNT,0.333007328,0.569340862
412,CODA,-1.86972968,0.561903692
54,AGYS,1.167164824,0.550075876
90,AMS,0.401398758,0.541088787
920,HIBB,0.32484276,0.531979577
1430,OPOF,0.58128044,0.528407952
1466,PBT,0.782703445,0.527595374
1786,SSSS,1.403492532,0.527085019
1382,NVGS,0.267524664,0.515054754
1548,POWL,0.59653016,0.513033293
321,CCEL,0.828627948,0.511049024
1763,SOTK,0.740473154,0.509186721
1893,TRGP,0.578597928,0.507233136
1139,LFVN,0.606341852,0.507184146
1631,RNR,0.577407502,0.501358136
1366,NS,0.709810919,0.487358044
1137,LEU,1.78184049,0.473709843
106,APA,0.722472429,0.472669844
1661,SANW,0.407193891,0.471130944
82,AMEH,0.209134372,0.461194211
1417,OIS,1.056366893,0.458287932
689,EXPR,0.631883204,0.457105392
289,CAAS,1.515681577,0.449711968
220,BHRB,1.391916535,0.449479377
1075,JOB,-0.888313305,0.449347664
1465,PBR,0.879249472,0.446920892
2060,WLFC,0.629904135,0.43871324
137,ATGE,0.755492637,0.435587057
1693,SENEA,0.625507226,0.433978158
1416,OII,0.783886379,0.4289305
1020,INFU,0.485495042,0.422322318
821,GEL,0.586187696,0.416293111
112,APWC,0.632151292,0.411845584
1208,MCS,0.851909933,0.409301851
250,BOOM,1.284381647,0.398359633
16,ACGL,0.683264167,0.398251218
1159,LOAN,-0.313430276,0.396950267
595,EG,0.652476388,0.393797842
92,AMSWA,0.940387436,0.389898096
683,EXK,0.605672785,0.38425486
1429,OPHC,-0.044658484,0.380716766
1758,SOHO,0.490040277,0.377830103
655,ESSA,0.554102002,0.369354796
1749,SNEX,0.390824559,0.368614117
633,EPM,0.334019798,0.367326804
977,HWKN,0.556469115,0.365448449
779,FRO,0.661419554,0.357284663
1769,SPOK,0.612436068,0.352915175
1310,MYRG,0.03502884,0.351616682
1687,SCX,0.587192315,0.351468786
1322,NCPL,2.805665762,0.345119718
1984,VALE,0.917457655,0.342693835
1499,PFX,0.019678734,0.342071484
1626,RLI,0.355887375,0.332389816
1165,LQDT,0.163293211,0.327216605
1903,TRT,0.750456064,0.326360175
385,CLWT,0.327130485,0.325627215
5,AAP,0.281522324,0.323817984
1776,SRC,0.09503009,0.322795955
429,CPG,0.392158193,0.32265331
649,ESEA,0.745754456,0.31698156
1809,SVFD,-1.294132606,0.313324567
1046,ITRN,0.892897895,0.312961632
1791,STCN,0.877556127,0.308050768
601,EGY,1.101266983,0.307964219
1979,UVE,0.391900505,0.306048384
567,DXCM,-0.074727018,0.305293037
363,CIEN,0.82444968,0.302759036
1881,TNK,0.322033122,0.302656969
1301,MUR,0.556022281,0.300212686
1346,NMFC,0.370890838,0.29719833
774,FRAF,0.541238731,0.294851896
281,BXC,0.687918027,0.29350651
1992,VET,0.652195154,0.291995072
1013,IMKTA,-0.17670083,0.2915984
963,HTGC,0.359839466,0.287205255
1560,PRI,0.25238172,0.285128006
1694,SENEB,0.340324994,0.280120023
1288,MSTR,0.360529967,0.279330257
403,CNK,0.144873207,0.27830549
1719,SIM,0.199648279,0.274953232
537,DLHC,0.821163507,0.273667354
1526,PLX,0.198596836,0.273370656
1321,NCMI,-0.625635166,0.270041445
535,DKS,0.02805964,0.267820398
1887,TPL,0.79823238,0.267263023
1475,PCRX,0.155011762,0.265797148
508,DCO,0.628857731,0.263566916
568,DXLG,0.336477523,0.262171749
758,FN,-0.18493014,0.261820188
1212,MDRX,0.610168971,0.260196783
625,ENSG,0.195908179,0.258722826
91,AMSF,0.048021871,0.257986703
1447,OVV,0.501472261,0.255484947
187,BCAL,0.276334151,0.252458437
877,GROW,0.939921681,0.251770957
671,EVI,0.710617899,0.247881055
1717,SIGI,0.807851602,0.243081001
1437,ORLY,0.324670743,0.241695759
1080,JWN,0.259289041,0.240010255
300,CALX,0.421603332,0.239675186
1415,OHI,0.58153175,0.237529921
587,EDUC,0.893414471,0.236370488
1671,SBH,0.319840561,0.234610149
166,AXS,0.339545915,0.230496861
1111,KOS,1.089927218,0.227957459
328,CCRD,0.257245692,0.226801644
1151,LLY,0.232654982,0.22658637
265,BSBR,0.544945607,0.225756692
1750,SNFCA,-0.292848927,0.225492439
947,HP,0.320823341,0.225161842
1569,PSO,0.455054172,0.223431126
973,HURN,0.084919361,0.222449543
52,AGRO,0.308100066,0.222349024
1571,PTEN,0.263008516,0.222202962
1726,SJW,0.441670857,0.220765407
851,GLRE,0.208729373,0.219328688
1086,KDP,0.158902048,0.217531073
999,IESC,0.35595653,0.214809378
849,GLNG,0.551357756,0.214755345
526,DHT,0.368087241,0.210823914
1732,SLB,0.462111782,0.209788931
890,GWW,0.129306642,0.207975499
453,CSCO,0.563663309,0.206199418
574,EAT,0.059923511,0.205382908
1036,IROQ,0.201355112,0.204956854
180,BBDC,0.113226371,0.202124968
262,BRT,0.2460816,0.199681431
1089,KEQU,0.420622518,0.195258143
739,FIX,0.483586119,0.19408526
1697,SFBC,0.205997268,0.193708571
163,AXON,0.130695605,0.193181745
178,BBAR,0.491647747,0.190853202
820,GEG,0.670223331,0.187451121
1223,MFIC,0.33847272,0.186894049
793,FUN,0.554664917,0.186434804
1453,PAA,0.029387084,0.184094172
2065,WMPN,0.141248091,0.183592763
2018,VSEC,0.152426463,0.182073473
895,HAL,0.429148709,0.181081367
933,HMN,0.407408892,0.180868267
169,AZO,0.041112396,0.179404527
1704,SGU,0.477154922,0.17651823
1407,OCSL,0.279680757,0.176242712
1126,LANC,0.10257461,0.173742241
1312,NAII,0.751824507,0.169533761
527,DHX,0.138134015,0.167917621
710,FCN,0.293815262,0.167832922
1916,TTE,0.641934431,0.16705405
500,DAC,0.167354128,0.165957921
614,ELTK,0.675968009,0.163772179
1542,PNRG,0.20750672,0.162828552
2051,WHLM,0.069154295,0.161614971
377,CLFD,0.018407834,0.161442884
1180,LYTS,-0.324708577,0.158976968
203,BFC,0.167001714,0.157821577
1835,TCI,-0.544365322,0.157537027
2101,YORW,0.046196699,0.15748613
1115,KRNY,0.106758339,0.155404368
1870,TK,0.178498708,0.153511581
930,HLIT,0.131962422,0.153036649
1189,MANH,0.304490388,0.152540209
310,CB,0.404289166,0.151712164
1869,TJX,0.262791841,0.150904964
1014,IMMR,0.625140533,0.149397643
519,DGICB,0.292356347,0.144721549
1728,SKT,-0.193538376,0.143972903
1269,MOV,0.757341581,0.143828442
630,EPAC,0.583626641,0.143577179
1680,SCHL,0.081134645,0.142633418
1130,LCNB,-0.140633175,0.141992572
799,G,0.57496665,0.141802778
216,BHB,-0.027199619,0.140852848
1352,NNN,0.042605698,0.140573675
1488,PERI,0.026352348,0.139895038
357,CHS,-0.207784991,0.138846928
1675,SBS,0.22173362,0.13732758
1313,NAT,-0.045748902,0.136796973
1040,ISSC,0.256440544,0.136327182
961,HSY,0.217903396,0.136062249
1581,PZZA,0.335108345,0.135684121
964,HTH,-0.013605011,0.135375952
580,EC,0.424135448,0.135272855
1759,SOL,1.029482081,0.134305942
870,GPRK,0.673694083,0.133392385
1860,THG,0.398303203,0.133217123
1578,PXD,0.192531777,0.128742481
1591,RBA,0.403872445,0.127672231
1851,TFSL,0.094516239,0.126926795
544,DOOR,-0.346538157,0.126090647
1956,UNB,-0.041684802,0.124589918
55,AIG,0.238195587,0.123184149
488,CWT,0.254514668,0.122949604
1868,TITN,0.352397326,0.121276859
481,CVS,0.236888805,0.120456266
374,CLB,0.240039957,0.119838079
1167,LRN,0.690719287,0.119531969
997,IDT,0.538246974,0.117424311
954,HRL,0.084709789,0.116899878
1681,SCHW,0.232692945,0.115941986
553,DRQ,0.240411456,0.113067127
1484,PED,-0.593307561,0.112068849
855,GMAB,0.135740672,0.111500716
1326,NEE,0.399721622,0.111296357
179,BBD,0.477328455,0.111105408
1496,PFLT,0.284665005,0.110959075
343,CFR,0.19024318,0.110648389
361,CI,0.413493746,0.109473554
1048,ITUB,0.383565587,0.108750533
696,FANH,0.550458545,0.10839948
1957,UNF,0.508429757,0.107398783
426,CPB,0.026718955,0.107330089
1436,ORI,0.093209128,0.106762559
1222,MFG,0.172575461,0.106586344
996,IDR,-0.00986157,0.104865524
1198,MBWM,-0.079306836,0.104749806
464,CTAS,0.214082978,0.103276833
1163,LPLA,0.367827032,0.102101648
985,IBCP,-0.000450383,0.101282183
1491,PFE,0.328520118,0.100667154
1193,MASI,-0.128276786,0.100122742
1303,MVO,0.286309084,0.09741607
1319,NBTB,0.219672849,0.096707634
1906,TSAT,0.585773676,0.095048264
1908,TSCO,0.20303726,0.094239269
1397,NXST,-0.167642849,0.093671361
934,HMNF,0.115036657,0.093298669
1783,SSL,0.41087983,0.093087985
761,FNF,0.244289098,0.092852737
2077,WSBF,-0.03442261,0.092448514
697,FAST,0.14728887,0.091006924
675,EVRG,0.061717613,0.090719845
1477,PDCO,0.107283044,0.088906067
749,FLXS,-0.065248018,0.088444679
844,GIS,0.038317153,0.088245171
1618,RGR,0.184367232,0.087890262
598,EGLE,0.89633954,0.087744946
1510,PHT,0.200234284,0.08706024
1469,PCG,0.197058099,0.085616764
1244,MKL,0.199658056,0.085039678
1286,MSM,0.069892036,0.084550787
78,AMCX,0.125245348,0.083629223
1146,LIN,0.3362324,0.083174117
73,ALOT,0.0885188,0.082994233
1217,MELI,0.707055533,0.082792856
1403,OBT,0.207171049,0.081320539
617,EME,0.40186671,0.081256895
520,DGII,-0.076249753,0.081126977
2074,WRB,0.171200667,0.080453562
1827,TARO,0.119639487,0.079534013
2091,WU,0.311613388,0.078863768
1489,PFBC,0.012120329,0.078627141
320,CCBG,-0.010274653,0.078476296
148,AUBN,0.157683989,0.078070427
1722,SITC,0.139260202,0.078016244
492,CXT,0.470041956,0.077827794
476,CVCY,-0.02221099,0.077413721
704,FC,0.366750518,0.076649473
1353,NOA,0.631447757,0.07598106
1777,SRCE,0.169107514,0.07505312
342,CFFI,-0.111126188,0.074791795
7,AAT,0.136576961,0.07449238
439,CRAI,0.160693715,0.072925368
2011,VOD,0.411282438,0.072863959
623,ENLC,-0.139574841,0.072478403
2066,WMT,0.218633901,0.072401619
1576,PWOD,0.13818463,0.072167419
24,ACU,-0.17617544,0.071967241
1239,MIDD,0.11988865,0.070716706
838,GIB,0.270489981,0.068701028
1276,MRO,0.259699551,0.068666437
1450,OXSQ,0.327419993,0.066768433
1287,MSN,0.305052289,0.066655829
1121,KYN,0.015303231,0.066296069
1521,PLBC,0.189201507,0.066168669
986,IBKR,0.324223896,0.063636605
251,BOSC,0.058862396,0.063321506
184,BBWI,0.006349944,0.062489722
1364,NRP,-0.11251569,0.061654966
581,ECF,0.222012037,0.060618499
1224,MFIN,0.733989988,0.059494133
427,CPE,0.378549362,0.059310461
72,ALNT,0.301991319,0.058376954
1975,UTL,0.164716436,0.057952635
420,COP,0.186569551,0.057104696
1369,NSP,0.106020406,0.056596105
1359,NOV,0.330011922,0.055915541
678,EW,0.260748187,0.054448168
1215,MED,0.695456155,0.053941893
808,GBDC,0.084593746,0.053741849
1646,RTX,0.401116558,0.053711713
826,GES,0.876076714,0.052849088
296,CAH,-0.21605988,0.052724761
1451,OXY,0.414656954,0.051802319
1058,JBSS,0.005328979,0.050768988
123,AROW,-0.064487553,0.050637795
1799,STNG,0.478691932,0.048765683
400,CNA,0.320095857,0.04848088
1915,TTC,0.188030332,0.047444589
1635,ROIC,-0.108206821,0.046690113
1275,MRK,0.170628399,0.046462172
115,ARCC,0.212174361,0.0462159
1112,KR,-0.00607188,0.045967995
2090,WTW,0.314971948,0.044470236
1856,TGS,0.27027246,0.043813237
732,FHI,0.317159946,0.043660684
1347,NMI,-0.053884391,0.043282697
1724,SJM,-0.169240034,0.043232858
274,BVFL,-0.314315585,0.042960571
1262,MO,-0.025984076,0.042271186
1864,THS,-0.454693762,0.041627738
472,CULL,-0.072181063,0.037706479
1315,NATR,0.406885513,0.037137325
1866,TIMB,0.359800547,0.035980231
1317,NBIX,0.089985988,0.035213332
919,HI,0.254460772,0.034472918
1862,THR,0.100314384,0.03434758
2058,WKC,0.200196557,0.033560642
1413,OFLX,0.262786641,0.031521934
1323,NDAQ,0.190114529,0.031399551
874,GRF,-0.031636168,0.030941302
562,DTF,-0.014516419,0.030239083
440,CRESY,0.168146301,0.029526683
1283,MSEX,-0.00227215,0.029465005
404,CNMD,0.35652272,0.028954834
2102,YPF,0.06609314,0.028536028
1257,MNDO,0.120367786,0.027935966
756,FMX,0.252451944,0.027929583
62,AKR,0.02735465,0.027927821
631,EPC,0.162979538,0.027456466
1388,NWE,0.114136032,0.026599133
782,FRT,-0.060115401,0.025959313
370,CINF,0.171614675,0.025796785
1005,IGT,-0.041108054,0.025017186
1540,PNNT,0.426787095,0.024639105
8,AB,0.109689816,0.024426636
1501,PGC,0.104329418,0.024383833
1691,SELF,0.108602558,0.024083636
715,FDBC,0.380587344,0.02381327
1411,ODP,0.315788917,0.023262703
1389,NWFL,-0.060378201,0.022350496
1743,SMFG,0.102103914,0.02170546
1093,KFFB,-0.138944947,0.021578335
173,BAH,0.285156831,0.020212255
1351,NNI,-0.028167094,0.019905719
350,CHE,0.299122893,0.019201522
2064,WMK,-0.119547328,0.019141464
2024,VVR,0.091051929,0.018944006
333,CECO,-0.313578593,0.018497027
775,FRBA,-0.373486731,0.018189749
182,BBVA,0.422012202,0.018026246
721,FEIM,-0.4267298,0.017327835
2025,VZ,-0.033583628,0.016891844
925,HIO,0.057872079,0.016336706
1904,TRV,0.092722403,0.015292344
1986,VBF,0.025471585,0.014959832
1833,TCBI,0.079428384,0.014874204
634,EPR,0.185528413,0.014487833
1978,UUUU,0.884704038,0.013783638
1879,TMUS,0.18071891,0.012940926
1546,POR,0.204299094,0.012870264
1187,MAIN,0.148075507,0.012753507
257,BRC,0.232382743,0.012436835
1114,KRG,0.118381236,0.011991243
1331,NFBK,-0.190418593,0.011927923
1464,PBHC,0.217912028,0.011160347
1771,SPTN,-0.198177074,0.011089538
1487,PEP,0.065875674,0.010895073
1355,NOC,0.347014796,0.010498486
1503,PGR,0.203528734,0.009768089
1299,MUFG,-0.001721803,0.009099503
1925,TX,0.569245127,0.008814571
981,HZO,0.266652438,0.008159345
1923,TWIN,0.62635428,0.007388903
409,CNS,-0.040391114,0.007075321
1423,OMC,0.140613613,0.00688485
1951,ULBI,0.263651286,0.005680573
1936,UBCP,0.085470374,0.005358771
1042,ITGR,0.353850747,0.004962441
1583,QCRH,-0.172001578,0.004523263
939,HNW,0.130073459,0.004445549
140,ATLO,0.040848611,0.004276971
266,BSL,0.075289183,0.002840976
663,ETR,0.078965313,0.002592822
461,CSV,0.037466747,0.002185116
1757,SO,-0.019040625,0.001656366
1065,JHI,0.023880166,0.001607623
1617,RGP,0.059670327,0.001267237
1514,PIPR,0.105367068,0.001091723
383,CLS,0.330027172,0.001057068
1555,PRDO,0.258813953,0.000877447
479,CVLG,0.220947282,0.000862431
701,FBMS,0.107744955,0.00043744
1905,TS,0.122537255,0.00043714
815,GDL,0.0928523,0.000395711
669,EVF,0.068021753,0.000367067
1867,TIPT,-0.580276243,-0.000471749
924,HIMX,0.343254798,-0.000734387
122,AROC,0.355544622,-0.000883543
688,EXPO,0.320818388,-0.001930567
2088,WTRG,0.080496756,-0.002093616
1156,LNN,0.295914287,-0.002701104
2084,WTBA,0.084865776,-0.00299834
789,FTNT,0.610781149,-0.004202253
205,BFIN,0.257120425,-0.004322713
1090,KEX,0.248004897,-0.004334361
1256,MMYT,0.242528305,-0.004424862
802,GAIN,0.055220007,-0.005135145
1059,JBT,0.105349203,-0.005531573
1878,TMP,0.076707644,-0.00588229
408,CNQ,0.175082458,-0.007549694
132,ASM,0.441997227,-0.007620086
2003,VLT,0.074408496,-0.007823767
297,CAKE,-0.083178523,-0.007838317
644,ERIE,-0.045474623,-0.007971708
46,AFT,0.083565502,-0.008001494
242,BMRC,0.025368528,-0.008562397
236,BLW,0.00426999,-0.009355992
416,COKE,0.029507324,-0.009962227
509,DCOM,-0.10543974,-0.010466962
313,CBOE,0.317826346,-0.010807122
1252,MMS,-0.021810645,-0.010812255
1600,RDCM,0.234387195,-0.011692196
1122,L,0.139534838,-0.011836267
1183,M,-0.208053759,-0.011941225
1297,MTRN,0.329701422,-0.012149427
329,CCRN,-0.058535681,-0.01229192
1706,SHEL,0.282433703,-0.014257492
616,EMD,0.126218117,-0.014880823
2014,VRSK,-0.002954985,-0.015257111
1060,JCE,0.226352477,-0.015662262
729,FFIN,0.070898582,-0.015803986
334,CEE,0.461301953,-0.016936124
1412,OFG,-0.258242296,-0.017077669
167,AYI,0.00320981,-0.01732811
253,BP,0.365683501,-0.01735416
712,FCO,0.089362617,-0.017555182
392,CME,0.240049711,-0.017783666
219,BHP,0.344006725,-0.018028046
470,CUBA,0.311962967,-0.018464589
518,DGICA,-0.209264141,-0.018791306
26,ADC,-0.038098571,-0.01882272
835,GHC,0.157625381,-0.018993174
1886,TOWN,-0.024208001,-0.019139622
576,EBF,0.173424763,-0.019164167
2038,WDS,0.285890538,-0.019223278
161,AWR,0.08126026,-0.019536705
569,DXPE,0.505362014,-0.020380698
215,BH,-0.152573991,-0.020494151
1052,JACK,0.141154822,-0.021468364
718,FDUS,-0.031298068,-0.021597508
124,ARTNA,-0.084799258,-0.022218753
994,IDA,0.10381595,-0.022374607
60,AJG,0.273737972,-0.022586619
1563,PRMW,0.457522286,-0.022795649
2082,WST,0.154697435,-0.022895944
29,ADM,-0.001167715,-0.022934717
1072,JMM,0.077780966,-0.023247916
515,DEO,0.341232736,-0.023812709
1196,MATX,-0.032466602,-0.024065285
1801,STRL,0.153478442,-0.024449698
1638,ROP,0.187054136,-0.024629669
1854,TGH,0.274184378,-0.024992799
937,HNNA,-0.297514928,-0.025132129
1959,UNM,0.177466126,-0.025272714
348,CHD,-0.052762076,-0.026209397
1506,PHD,0.03865438,-0.027346985
1012,IMAX,0.064226824,-0.027427237
1280,MSB,0.664378359,-0.027450226
1203,MCK,0.116044412,-0.027527253
1044,ITIC,0.145738547,-0.027664509
170,AZZ,-0.074029805,-0.027794716
632,EPD,0.018405404,-0.028014574
1028,IOR,-0.123884095,-0.028510971
346,CHCI,0.083708907,-0.028809075
2034,WCC,0.405425767,-0.029056129
272,BUD,0.119651499,-0.029211058
869,GPN,0.326548097,-0.029834922
71,ALKS,-0.133262106,-0.029940474
2068,WNEB,-0.065105704,-0.03016496
1446,OVLY,0.274447797,-0.030495451
41,AEO,-0.274090185,-0.031540813
1486,PEO,0.152403362,-0.031575261
787,FTF,-0.02058148,-0.031774175
1335,NGS,-0.043124405,-0.032159865
713,FCT,0.027684896,-0.032191583
647,ESCA,-0.07222072,-0.032271067
765,FOF,0.042957526,-0.032669511
531,DIS,0.034124281,-0.032673469
878,GRVY,0.424116371,-0.032740274
579,EBTC,-0.117677467,-0.032797579
1099,KIM,0.11242519,-0.032823152
195,BCX,0.22329295,-0.033396594
638,EQNR,0.431363137,-0.033435733
1272,MPV,0.068426406,-0.033465921
425,CPA,0.25187571,-0.033469764
1990,VECO,-0.276632666,-0.033616053
1344,NKE,-0.192464694,-0.03381757
1665,SATS,0.199796266,-0.034777627
1204,MCN,0.050106379,-0.034877235
1103,KMB,-0.125182582,-0.03566727
340,CF,0.325529664,-0.03665284
484,CW,0.154644339,-0.036996046
542,DMLP,-0.004837291,-0.03704642
1850,TFII,0.239315292,-0.038288694
1621,RICK,0.493794004,-0.038388552
757,FMY,-0.052927014,-0.038396518
1644,RSG,0.058126814,-0.038832661
1790,STC,0.106376284,-0.039030233
2104,ZBH,-0.145327333,-0.039203642
150,AVA,0.260163414,-0.039745566
1226,MFV,0.077610131,-0.039899088
745,FLO,-0.07481142,-0.040694065
1875,TLK,-0.007119337,-0.041253457
378,CLH,0.115556249,-0.041380162
356,CHRW,0.047246845,-0.041607877
899,HBCP,-0.066675913,-0.04192958
1108,KO,0.037223522,-0.042350004
393,CMG,-0.162973475,-0.042365575
2039,WEA,0.001769751,-0.042813387
566,DVN,0.033619911,-0.043188712
517,DG,-0.003350808,-0.043283407
349,CHDN,0.314494434,-0.043515555
876,GRMN,0.020661672,-0.043552419
957,HSII,-0.160465464,-0.043788318
1741,SMBK,0.069818958,-0.043819986
1327,NEN,0.003062858,-0.044000375
318,CBU,-0.071020653,-0.044085741
74,ALRS,-0.037700666,-0.04410562
373,CL,0.001527342,-0.044492975
810,GBR,-0.552091826,-0.044493681
322,CCEP,0.304397633,-0.044740539
1243,MKC,0.100091577,-0.045058451
2097,XOM,-0.030305635,-0.045250157
505,DB,0.263401545,-0.045427505
315,CBRL,-0.082643211,-0.045466504
1379,NUW,-0.086973981,-0.046685221
1760,SON,0.10659103,-0.046738924
593,EFT,-0.040052866,-0.048125293
2027,WABC,0.090529384,-0.049061766
975,HWBK,-0.294986733,-0.049409304
1468,PCF,0.031705539,-0.049505171
434,CPRX,-0.375966346,-0.049519755
69,ALGT,-0.41212978,-0.049734892
269,BTE,0.272474088,-0.049881332
1740,SMBC,-0.048950356,-0.050219756
47,AGCO,0.467056208,-0.05068512
1658,SAN,0.256230365,-0.051036067
248,BOH,-0.060624768,-0.051176025
1695,SEVN,0.039509858,-0.051633118
193,BCPC,-0.276043892,-0.051983625
1627,RLJ,0.024725979,-0.052001217
213,BGX,0.002315324,-0.052267469
716,FDP,-0.245271576,-0.052360892
643,ERF,0.403756225,-0.052402622
1381,NVEC,-0.006961746,-0.052884385
1474,PCQ,-0.113515006,-0.052889979
1641,RPT,0.08009697,-0.053068053
928,HLF,0.840655456,-0.053193358
261,BRO,0.346206794,-0.053877424
988,IBN,0.327517149,-0.054081267
843,GIM,0.04053506,-0.054824396
396,CMRE,-0.26483019,-0.055467546
1946,UGP,0.125984923,-0.055484999
1378,NUV,-0.075188487,-0.055693577
222,BIIB,0.189335908,-0.056867315
1171,LTC,-0.013294053,-0.057530678
1482,PEBK,0.090730173,-0.057606319
103,AON,0.106844137,-0.057639018
1913,TSRI,0.41039623,-0.05771426
198,BDL,0.119636382,-0.058973802
59,AIZ,-0.033994646,-0.06001773
622,ENB,-0.057389967,-0.060187046
1386,NVS,0.035410071,-0.060197901
2057,WIW,-0.057323053,-0.060287717
2032,WBA,-0.060600824,-0.060609277
1818,SYBT,-0.202577852,-0.060956566
1532,PMO,-0.15499758,-0.061522595
1153,LMNR,-0.039483711,-0.061608154
845,GL,0.160477425,-0.062248972
125,ARTW,-0.37584187,-0.062751723
1314,NATH,-0.294061198,-0.063262986
1485,PEG,0.007034048,-0.063324937
621,EMR,0.164413303,-0.064381261
1922,TWI,0.382017435,-0.064427692
116,ARCO,0.149586044,-0.065104687
319,CBZ,0.108863086,-0.065439139
980,HYT,0.049607806,-0.065871641
798,FXNC,-0.247548199,-0.066231929
1124,LAKE,-0.146092472,-0.066792375
27,ADEA,-0.055333532,-0.067301007
978,HXL,0.15999243,-0.067389606
642,ERC,-0.039721824,-0.067949315
120,ARLP,-0.07603331,-0.068315513
43,AER,0.30651961,-0.068387036
371,CIVB,-0.222968671,-0.068437516
237,BLX,0.102403879,-0.068606432
577,EBMT,-0.234678569,-0.06985346
705,FCAP,-0.210561874,-0.07003164
1476,PCYO,-0.100011417,-0.070032417
2044,WEX,0.252093771,-0.070048814
918,HHS,-0.069638543,-0.07024255
1910,TSI,-0.036514385,-0.070362996
239,BME,-0.080822464,-0.070394695
142,ATR,0.114653354,-0.070736452
628,EOG,0.017743943,-0.070747112
1613,RGA,0.01710658,-0.070922844
66,ALE,0.201418894,-0.071235546
717,FDS,-0.063075006,-0.071685283
2062,WM,-0.01043032,-0.071813891
883,GSL,0.236603031,-0.072282669
813,GD,0.335443738,-0.07241709
462,CSWC,0.017728329,-0.072429744
2017,VRTX,-0.022009424,-0.072864309
480,CVLY,-0.352161955,-0.073343852
1337,NHI,-0.007433084,-0.073824835
1260,MNST,0.245785551,-0.073930762
522,DHF,0.055633031,-0.073976498
1251,MMC,0.064540166,-0.073998243
1342,NIM,-0.06066488,-0.074273197
1229,MGF,-0.128946136,-0.07438799
1445,OVBC,0.112617209,-0.074595343
605,EIM,-0.187187939,-0.074953841
670,EVG,-0.047874681,-0.075478379
1377,NUS,0.428964846,-0.075804867
1395,NXP,-0.122442416,-0.076227318
1387,NWBI,-0.138352882,-0.076725311
881,GSBC,-0.180426596,-0.076744542
1391,NWN,-0.045990038,-0.07755873
1562,PRK,0.074022248,-0.077893296
1672,SBI,-0.109096309,-0.077946803
212,BGT,-0.020729739,-0.078173108
1639,ROST,-0.064341966,-0.078483246
1831,TBBK,0.555944346,-0.078515928
1958,UNH,0.235142873,-0.078752688
230,BKR,0.046390486,-0.079213281
746,FLR,-0.083651947,-0.079519734
1764,SPE,0.031538142,-0.079972481
1788,STAG,-0.004071055,-0.080185935
1880,TNC,-0.095848516,-0.080218799
191,BCML,0.050476588,-0.08030094
2042,WEN,0.229389278,-0.08084748
1604,REG,0.087838259,-0.081091307
796,FUSB,-0.178893561,-0.08160306
673,EVN,-0.268859861,-0.082585727
249,BOKF,0.055146787,-0.082900905
1963,UPBD,0.361648874,-0.082906015
529,DINO,0.152045023,-0.083093557
118,ARI,-0.073836938,-0.083418686
1357,NOK,0.511013603,-0.083421814
680,EXC,0.06111265,-0.083779714
1669,SBFG,0.161580845,-0.084027714
283,BXMX,-0.064226664,-0.085867087
773,FRA,-0.023523228,-0.086084545
1998,VIV,0.073598149,-0.08645737
295,CAG,-0.184327936,-0.086875835
1953,ULTA,-0.3356015,-0.087231527
330,CCU,0.137963334,-0.087498965
1268,MOS,-0.336885425,-0.089241479
1773,SPXX,0.027076587,-0.089264238
1240,MIN,-0.071074546,-0.08947338
1772,SPXC,0.027956694,-0.08948023
252,BOTJ,0.131198986,-0.089656236
447,CROX,-0.038615229,-0.089961755
199,BDX,-0.040148412,-0.090270499
1302,MVF,-0.211404472,-0.091083757
312,CBFV,-0.172863006,-0.091437402
1527,PLXS,0.027037769,-0.0920648
1021,INFY,0.14546761,-0.092180725
211,BGR,0.077746793,-0.092679395
1104,KMI,-0.110133729,-0.093645482
1361,NPK,0.049705294,-0.093962012
1511,PHX,-0.196186802,-0.094087791
1770,SPSC,0.063339836,-0.094190026
636,EQC,-0.053049646,-0.094196769
1937,UBFO,-0.041068376,-0.094388012
1983,VABK,-0.051854084,-0.095410128
591,EFR,-0.104044998,-0.095523521
1282,MSD,0.044803727,-0.095534161
695,FAM,0.009517699,-0.095849593
613,ELSE,0.247168207,-0.096512902
1421,OLP,-0.050212792,-0.097438461
482,CVU,0.208901406,-0.097629478
1333,NFLX,-0.196984602,-0.097825088
1228,MGEE,-0.178203808,-0.098213798
790,FTS,-0.005128208,-0.098448998
1620,RHP,0.207710864,-0.098454372
648,ESE,0.031928175,-0.098620685
39,AEL,0.435425901,-0.098716636
866,GPC,-0.043787201,-0.099583983
10,ABEV,0.149852444,-0.100128174
255,BPT,0.092194513,-0.100208338
1623,RJF,-0.137035093,-0.10039266
1554,PPT,-0.103665367,-0.100467251
654,ESS,0.107910294,-0.100670338
1700,SFST,-0.092353005,-0.100794218
1483,PEBO,0.067764163,-0.100812933
21,ACNB,-0.40042955,-0.100872901
1852,TFX,0.079969096,-0.101288235
1629,RMD,-0.09214344,-0.102139758
555,DSGR,0.140002395,-0.102350112
2022,VTRS,-0.236650525,-0.102838988
1891,TRC,-0.211452059,-0.103531526
2087,WTM,-0.126788792,-0.103531538
1350,NMT,-0.243705387,-0.103707945
376,CLF,0.157768935,-0.103759902
1938,UBS,0.19344116,-0.10384938
879,GRX,-0.020293762,-0.104350057
915,HFBL,-0.290110763,-0.104782785
2081,WSR,-0.262520873,-0.104809648
1994,VGR,-0.055266158,-0.104820672
987,IBM,-0.169337528,-0.10494683
1444,OTTR,0.023164732,-0.105095882
708,FCF,-0.013958394,-0.105526281
1765,SPG,-0.117990518,-0.105645022
1954,UMBF,-0.117984458,-0.1056792
2001,VLGEA,-0.091870927,-0.106300584
742,FLC,-0.056700513,-0.106396878
197,BDJ,-0.042588001,-0.106414333
624,ENS,-0.035468688,-0.10664898
512,DE,0.219839769,-0.106807222
741,FL,-0.874238223,-0.107047958
128,ASB,-0.06109988,-0.107456092
1574,PUK,0.180737928,-0.107855638
507,DCI,0.250708151,-0.108081558
1343,NJR,0.047108185,-0.108118296
1819,SYK,-0.004810417,-0.108142307
1902,TRST,-0.059832898,-0.108310229
1500,PG,-0.08444578,-0.108330812
1311,NAD,-0.196221418,-0.108558444
2028,WAFD,-0.185178179,-0.108752154
653,ESP,-0.096000357,-0.108782814
2035,WCN,-0.015506751,-0.109209029
1068,JJSF,-0.107950529,-0.10923004
1271,MPC,0.280245922,-0.109298794
465,CTBI,-0.029906172,-0.109524311
1787,STAA,0.005171648,-0.109799049
1622,RIO,0.302577222,-0.109903912
656,ET,-0.112473922,-0.110272763
723,FERG,0.080816336,-0.110494952
2041,WELL,-0.039605107,-0.11073758
1185,MAA,-0.090191967,-0.11074013
352,CHH,0.051266351,-0.111188599
650,ESGR,-0.136488625,-0.111370495
1016,IMOS,0.20621289,-0.11211304
1871,TKC,0.093125592,-0.112205325
2059,WLDN,-0.421974759,-0.112482256
781,FRST,-0.159415752,-0.112905167
1655,SAFT,0.040032059,-0.112955742
691,EXTR,0.992229425,-0.113753317
225,BK,0.063483031,-0.113883159
326,CCNE,-0.387962093,-0.114214045
1679,SCD,-0.093383959,-0.11447352
1670,SBGI,-0.280027453,-0.114559662
836,GHI,-0.09138978,-0.114684079
1401,O,-0.198995754,-0.11539683
2000,VKQ,-0.230450655,-0.1162285
1972,USPH,-0.252201508,-0.117821015
304,CASH,-0.233842491,-0.118137572
460,CSR,-0.238932539,-0.118188445
1845,TEI,-0.073814589,-0.118376057
949,HQH,0.031873757,-0.118707595
207,BFZ,-0.266434944,-0.118737721
1664,SASR,0.0180422,-0.119002637
1066,JHS,-0.207182353,-0.119072025
1073,JNJ,-0.092611653,-0.119300582
942,HOLX,-0.26156599,-0.119531314
602,EHC,0.262927491,-0.119771369
792,FULT,-0.015737131,-0.119935101
990,ICE,0.098918632,-0.120063507
1172,LULU,-0.043925741,-0.120141341
558,DSU,-0.083934521,-0.120371212
1716,SIG,-0.252750216,-0.120727262
1513,PIM,-0.127487909,-0.120994463
84,AMGN,-0.115115042,-0.121176402
902,HCA,0.028975444,-0.121253296
1427,OPBK,-0.270269512,-0.122039255
1414,OGE,-0.020480322,-0.12226915
1254,MMT,-0.055487928,-0.123018126
1929,TXT,0.31470767,-0.123055308
1154,LMT,0.184711476,-0.123109945
1199,MCBC,-0.095105394,-0.123145491
1677,SBUX,0.02214851,-0.123283965
612,ELS,-0.09008334,-0.123556138
1993,VGM,-0.239657685,-0.123665999
736,FICO,0.112691674,-0.123766844
113,ARC,0.181470785,-0.123881606
1195,MATW,-0.146318268,-0.124317793
1162,LOW,-0.137463824,-0.124798934
263,BRW,-0.155520092,-0.125214609
1969,USLM,0.239378361,-0.125515319
1793,STEW,0.031136707,-0.125713092
158,AWF,-0.024808244,-0.127168044
1418,OKE,-0.061978656,-0.127593806
1136,LEO,-0.25168651,-0.12792847
1213,MDT,-0.106399708,-0.128077932
1811,SWKH,-0.094416992,-0.128214775
932,HMC,-0.052358676,-0.128590681
1160,LOGI,0.384471679,-0.128636915
1533,PMT,-0.109955792,-0.128722011
1734,SLGN,-0.147263609,-0.128761183
748,FLT,-0.297791213,-0.129180844
698,FAX,-0.119678011,-0.129520615
536,DLB,-0.011859553,-0.129523155
1762,SOR,0.090716568,-0.130025824
1810,SWBI,-0.274262079,-0.130096014
1884,TOL,0.119477785,-0.130152242
1580,PZC,-0.267592556,-0.130366067
1202,MCI,-0.026581943,-0.130428164
547,DOX,0.048547254,-0.130765226
259,BRKL,-0.164239665,-0.131169051
367,CII,-0.033307723,-0.131207044
1471,PCK,-0.182600756,-0.131236989
1206,MCR,-0.081549575,-0.131530689
2056,WIT,0.281726954,-0.131638952
734,FI,0.038696675,-0.131828148
1432,OPY,-0.041021794,-0.13256325
273,BUSE,0.006118348,-0.132609588
168,AZN,0.052098597,-0.132933168
483,CVX,-3.44E-05,-0.133173579
1055,JAZZ,-0.405118975,-0.133209494
1976,UTMD,-0.125983453,-0.133226377
882,GSK,0.01534572,-0.133517521
880,GS,-0.055411379,-0.133593782
64,ALB,0.251673372,-0.134075577
1338,NHS,-0.083785272,-0.13418855
244,BMY,-0.137083251,-0.134689859
751,FMBH,-0.294643559,-0.134707671
338,CET,0.059935217,-0.134747144
702,FBNC,-0.060277986,-0.134876348
44,AFG,0.031412003,-0.135763663
922,HIG,0.372353324,-0.135846311
967,HTLF,-0.129958121,-0.136201367
366,CIGI,-0.032135982,-0.136640379
1400,NZF,-0.198634913,-0.13698487
107,APD,0.003745438,-0.136988937
1564,PROV,-0.039948821,-0.137014322
414,COFS,-0.421134676,-0.137222589
725,FFA,-0.046886656,-0.137233403
662,ETO,0.063661805,-0.137509545
1859,THFF,-0.18039381,-0.138312552
884,GSM,0.256358364,-0.138367166
759,FNB,-0.262748708,-0.138815609
1676,SBSI,-0.120770157,-0.138904515
615,ELV,0.067606914,-0.139155388
1642,RRC,-0.349979101,-0.139155468
1233,MGRC,0.23280811,-0.139543289
1825,TAK,-0.009227315,-0.140657669
1630,RMT,0.037843868,-0.141251944
233,BLE,-0.30614403,-0.141486706
88,AMP,0.001237266,-0.141813997
160,AWK,-0.195292444,-0.142164965
1225,MFM,-0.230665719,-0.142563175
1278,MS,0.137587568,-0.14273527
1354,NOAH,0.192042085,-0.143385197
428,CPF,-0.011789743,-0.143602097
1855,TGNA,-0.060258125,-0.143625654
1755,SNX,-0.05550157,-0.143687505
1800,STRA,-0.018146955,-0.144127564
2021,VTR,-0.03355835,-0.144296386
1495,PFL,0.022708633,-0.144342803
1982,V,0.114353196,-0.144443682
1131,LDOS,0.075466344,-0.145184729
1325,NECB,-0.187585953,-0.145266879
1605,REGN,0.15133043,-0.145700808
1713,SHYF,0.780529927,-0.145905725
1463,PBA,-0.03894961,-0.146355317
1928,TXRH,0.012898433,-0.146648131
1109,KOF,-0.022414594,-0.146707893
521,DGX,0.059839419,-0.146761561
284,BXP,-0.165349575,-0.147146725
1529,PMF,-0.262814412,-0.147261652
1339,NHTC,-0.149355187,-0.147508701
487,CWST,0.153307683,-0.147658333
592,EFSC,-0.21102192,-0.147694503
127,ASA,0.009550348,-0.148081457
240,BMI,0.195441678,-0.14808525
14,ABT,-0.09298767,-0.148252666
2047,WFC,-0.120954843,-0.148404368
571,E,0.184734424,-0.148632862
707,FCCO,-0.122616193,-0.148869758
992,ICL,-0.116727672,-0.149093041
2016,VRTS,0.05145674,-0.149196093
1235,MHF,-0.253148643,-0.149200227
159,AWI,0.166118587,-0.149681969
1948,UHS,-0.071749597,-0.149948198
1828,TAST,-0.424914599,-0.150245355
151,AVB,-0.067389824,-0.150964317
951,HQL,0.046258654,-0.150972898
1603,RDY,-0.32442045,-0.15098074
1305,MXC,0.187860297,-0.151117713
1999,VKI,-0.313083928,-0.151414496
431,CPK,-0.089975873,-0.151580146
1011,IIM,-0.274494305,-0.151583099
2092,WWD,0.352417329,-0.15180271
768,FORD,0.079357216,-0.152427212
1494,PFIS,-0.429034474,-0.152510829
299,CALM,-0.05936181,-0.152570449
1673,SBLK,0.340921271,-0.152844341
754,FMNB,-0.40609525,-0.153093072
926,HIW,-0.026505901,-0.153618089
1530,PML,-0.267105421,-0.153618812
1022,ING,0.360258184,-0.154059503
722,FELE,0.005683091,-0.154391706
327,CCOI,0.156415399,-0.154516923
709,FCFS,0.068690625,-0.154532812
1255,MMU,-0.26363151,-0.154535675
660,ETJ,-0.161710907,-0.154679755
806,GAU,-0.754155457,-0.154957645
1553,PPL,-0.083279176,-0.155327583
1738,SLRC,-0.1878879,-0.155382685
1531,PMM,-0.263515019,-0.155797836
682,EXG,0.05750816,-0.156147772
1050,IX,0.194793421,-0.15622879
1785,SSRM,0.045874205,-0.156544982
1536,PNF,-0.348146117,-0.156620498
1960,UNP,0.142194496,-0.156899578
984,IART,-0.102071106,-0.157844896
1031,IPAR,0.137878053,-0.157856321
368,CIK,-0.180498378,-0.158142111
1008,IIF,-0.010105379,-0.158227957
1214,MDU,-0.031081418,-0.158287016
1219,MET,0.174701904,-0.158291304
823,GENC,-0.278983742,-0.158624458
817,GDV,-0.009358271,-0.158871083
87,AMNB,-0.309650648,-0.160484229
485,CWBC,0.048053755,-0.160819619
23,ACP,-0.109189968,-0.161157773
53,AGX,-0.059903681,-0.161234958
889,GVA,-0.081560921,-0.161411098
803,GAM,0.013756329,-0.161517877
2103,YUM,0.151046534,-0.1618847
40,AEM,-0.299992073,-0.161905953
841,GILD,-0.017498458,-0.161975845
1079,JPM,-0.04501353,-0.162122347
1858,THC,0.331527302,-0.162182739
379,CLM,0.01096053,-0.162610131
971,HUM,0.215010956,-0.162614599
2095,X,-0.02370375,-0.163227341
1157,LNT,-0.079614422,-0.163253859
1837,TD,-0.062224635,-0.163321751
177,BAP,0.152438986,-0.163527988
1438,ORRF,-0.507809823,-0.163578204
916,HFWA,-0.146644676,-0.164078057
1462,PB,-0.19780564,-0.164092327
1306,MXE,0.033024417,-0.164227939
339,CEV,-0.277507266,-0.164397864
2080,WSO,0.003323421,-0.164541459
1696,SF,-0.111666061,-0.164715494
907,HDB,0.1522408,-0.164905422
1247,MLI,-0.344072349,-0.164982679
552,DRI,-0.039637021,-0.165265522
913,HEQ,-0.155329765,-0.165309942
1816,SXI,-0.037320816,-0.165523253
1211,MDLZ,-0.132130241,-0.165796305
909,HE,-0.125907385,-0.166060723
1584,QGEN,-0.075242598,-0.166408517
1175,LWAY,-0.347040208,-0.16655695
726,FFBC,-0.312405807,-0.166633844
960,HSTM,0.352616025,-0.166653797
807,GBCI,-0.096875952,-0.166967368
896,HALO,0.310180052,-0.16747726
1004,IGD,0.036741237,-0.167724518
358,CHT,-0.147999974,-0.167945763
783,FSFG,-0.261029942,-0.168053023
1191,MARPS,0.294581458,-0.168153698
419,COO,-0.191346884,-0.168518072
611,ELP,0.069262996,-0.168591609
1116,KSM,-0.329572661,-0.168827904
554,DRS,1.35545908,-0.169151393
1057,JBL,0.18559223,-0.169275476
860,GOF,-0.123552637,-0.16930724
629,EOS,0.028978019,-0.169401192
1516,PKE,0.214338907,-0.169720491
1459,PATK,-0.700971743,-0.170113427
666,ETY,-0.023336315,-0.170137403
1332,NFG,0.091211161,-0.170365008
1599,RCS,-0.10447048,-0.170772438
117,ARE,-0.137475147,-0.170832271
1890,TR,-0.21415876,-0.170874491
556,DSGX,0.198629267,-0.171233327
278,BWFG,-0.085510716,-0.171239199
640,EQS,-0.081206053,-0.172376333
1585,QQQX,0.042855131,-0.172836353
582,ECL,-0.08106615,-0.172846471
1253,MMSI,0.070453072,-0.173170056
724,FF,-0.306875385,-0.173201307
664,ETV,-0.143986255,-0.173508569
229,BKNG,-0.006177935,-0.173622704
677,EVV,-0.210778728,-0.173681918
1525,PLUS,0.037679614,-0.173688408
353,CHKP,0.049938776,-0.1738318
2096,XEL,-0.116358066,-0.173979744
557,DSM,-0.353024221,-0.174383257
528,DIN,0.202944125,-0.174459701
201,BELFB,-0.061419753,-0.174676575
1662,SAP,0.220238336,-0.174951181
573,EAD,-0.161584072,-0.175203302
1752,SNPS,0.053746814,-0.175210783
825,GEOS,0.535068485,-0.175870736
1619,RHI,0.061891645,-0.175874524
801,GABC,-0.303045946,-0.176540723
491,CXH,-0.21255581,-0.17694995
227,BKE,-0.322645536,-0.177011571
4,AAON,-0.092560692,-0.177252455
2030,WASH,-0.172356357,-0.177490644
290,CAC,-0.269094344,-0.177614284
2073,WPP,-0.08853407,-0.177809244
397,CMS,-0.1450805,-0.177927209
1035,IRM,-0.164366553,-0.178501894
914,HES,-0.015220423,-0.178520417
451,CRVL,0.197728288,-0.178693954
1497,PFN,-0.068571049,-0.179105451
1434,ORAN,0.098252951,-0.179183748
1821,T,-0.35074306,-0.179255334
305,CASS,-0.132241611,-0.179262141
345,CGO,-0.033441291,-0.179547902
1424,OMEX,-0.210297635,-0.179581062
337,CENTA,-0.051015192,-0.179625661
294,CAE,-0.007797666,-0.179943903
1649,RVSB,-0.323039772,-0.179970034
753,FMN,-0.345570209,-0.180171357
1606,REI,-0.196897958,-0.180523121
45,AFL,0.426369239,-0.180680837
391,CMCSA,0.108562606,-0.180706386
1967,USA,0.014164021,-0.180788097
1349,NMR,0.061886488,-0.180981997
421,COR,-0.326324756,-0.18101213
1557,PRG,0.072636379,-0.181621436
563,DUK,-0.191642376,-0.181676891
497,CZNC,-0.231900168,-0.182435733
490,CXE,-0.284932304,-0.182674187
762,FNLC,-0.258704592,-0.182843019
720,FE,-0.183550221,-0.1832698
812,GCBC,-0.312785851,-0.183389266
1145,LII,0.098187758,-0.184276265
1950,UL,0.047333753,-0.184869298
1003,IGA,-0.092020778,-0.184977732
241,BMO,-0.28478456,-0.185112798
943,HOMB,-0.411899578,-0.18519145
406,CNOB,-0.426305487,-0.186502317
1535,PNC,-0.100427527,-0.186599904
1149,LKFN,-0.244728495,-0.186661918
2108,ZION,-0.009184325,-0.18675655
888,GTY,-0.012022859,-0.186807463
584,EDD,0.0100781,-0.187087384
1725,SJT,0.082108634,-0.187284543
727,FFC,-0.069203492,-0.187891075
316,CBSH,-0.343244177,-0.18826544
744,FLIC,-0.200726439,-0.188527249
1018,INCY,-0.212575352,-0.188796348
842,GILT,-0.083632864,-0.188924519
1652,RY,-0.166340614,-0.189200179
639,EQR,-0.077644155,-0.189460286
665,ETW,-0.00711606,-0.189739745
1047,ITT,-0.175670441,-0.189771057
1490,PFC,-0.160870772,-0.189836428
2015,VRSN,0.074799583,-0.190196458
1685,SCSC,-0.040310492,-0.190214168
1768,SPNS,-0.070351906,-0.191063076
1941,UDR,-0.052439406,-0.191604272
1207,MCRI,0.454169092,-0.19200078
1309,MYN,-0.303496096,-0.192070294
578,EBR,0.042019251,-0.192595623
846,GLAD,-0.055876596,-0.192674136
1964,UPS,-0.061056201,-0.192939939
1508,PHK,0.008200588,-0.193723045
514,DENN,-0.100965299,-0.193769652
162,AX,-0.292013526,-0.19381094
1265,MOFG,-0.42072988,-0.193861116
153,AVGO,-0.098224231,-0.194273466
231,BKU,-0.442946114,-0.194323395
833,GGN,0.028661209,-0.194368522
20,ACN,0.075128038,-0.194564932
968,HTY,-0.200754236,-0.194702555
1091,KEY,-0.329374229,-0.194726153
560,DSX,0.093488821,-0.195314337
1152,LMAT,-0.038582492,-0.196493585
308,CATC,-0.212615923,-0.196504353
1820,SYY,-0.140364541,-0.196660444
1143,LH,-0.292543825,-0.197070682
1595,RCI,-0.038363627,-0.197121661
550,DRD,-0.14794197,-0.197625402
1493,PFIE,0.403031604,-0.197992443
1804,STWD,-0.23274223,-0.19816013
1426,ONB,-0.082958592,-0.19870167
189,BCE,-0.181923213,-0.198721883
979,HYB,-0.108091633,-0.198916254
268,BSX,0.082962903,-0.199033938
1316,NBH,-0.282072583,-0.199214474
1898,TRNO,-0.136778877,-0.199664726
34,AEE,-0.063787153,-0.199729455
63,AL,-0.041712899,-0.199772758
1077,JOF,-0.091880218,-0.200002355
1161,LOPE,0.034982067,-0.201050831
1119,KTF,-0.373995505,-0.201127261
672,EVM,-0.360991866,-0.201528206
336,CENT,-0.134993897,-0.201714153
1730,SKY,0.506781228,-0.201734505
1081,K,-0.240056623,-0.202186998
539,DLTR,-0.188354457,-0.202456078
1907,TSBK,-0.154654998,-0.202644106
731,FFNW,-0.334452391,-0.203079401
267,BSRR,-0.193325455,-0.203184962
270,BTG,-0.135965594,-0.20326119
1961,UNTY,-0.48155527,-0.203624214
1607,RELL,-0.319143777,-0.2044024
784,FSI,0.403940794,-0.204582281
600,EGP,0.094999683,-0.20496711
399,CMU,-0.277428818,-0.205120028
33,ADX,-0.035366953,-0.205215295
1920,TTI,-0.244148657,-0.205365882
661,ETN,0.118574095,-0.205379955
277,BWEN,-0.390107957,-0.205386792
1830,TAYD,-0.420968478,-0.205554714
837,GHM,0.346378387,-0.205606266
1899,TRNS,-0.101644198,-0.205792102
1258,MNRO,-0.161097912,-0.206136945
1565,PRU,-0.017523113,-0.206665133
504,DAR,0.288908077,-0.206676728
286,BYFC,-0.165508984,-0.206856643
243,BMRN,-0.161856515,-0.207196106
1267,MORN,-0.203865614,-0.207446289
1814,SWZ,-0.063437362,-0.207684537
1456,PAI,-0.17565918,-0.207718302
418,COLM,-0.124329602,-0.208123745
1707,SHEN,0.29120684,-0.208158245
192,BCO,0.177190306,-0.208797708
1307,MXF,-0.013554087,-0.208932591
1678,SCCO,-0.042810178,-0.20907827
1974,UTI,-0.112021026,-0.209704328
1930,TY,-0.056522317,-0.209883413
306,CASY,-0.213443485,-0.210217516
1284,MSFT,-0.008445131,-0.210429902
32,ADUS,0.070533091,-0.210640293
1640,RPM,-0.243297677,-0.212140431
1789,STBA,-0.166819762,-0.21263943
927,HIX,-0.240934804,-0.213054812
1973,UTHR,-0.185753514,-0.214191752
1186,MAG,0.048416217,-0.214515246
657,ETB,-0.20219762,-0.214797444
200,BELFA,-0.310708234,-0.214852068
1633,ROCK,-0.192229976,-0.215302477
1614,RGCO,-0.231808279,-0.215304678
862,GOL,0.626819725,-0.215343202
1006,IHG,-0.108309419,-0.216251789
589,EEFT,0.145267226,-0.216722069
513,DECK,0.275942867,-0.216866916
93,AMT,-0.18164066,-0.217000675
1330,NEWT,-0.437470174,-0.217011852
1921,TU,-0.150259151,-0.217023446
1919,TTGT,0.386569785,-0.218140477
1844,TEF,-0.12703674,-0.219344382
1443,OTEX,0.067922331,-0.219368494
737,FISI,-0.07699867,-0.219588028
893,HAE,-0.203578789,-0.219973215
944,HON,0.056602302,-0.220156637
175,BANF,-0.094616588,-0.220896658
2099,XTNT,0.991416472,-0.221107962
1587,QRTEB,-0.027581731,-0.221130614
141,ATO,-0.149551611,-0.221511189
1340,NI,-0.106769936,-0.222808621
147,AUB,-0.054581272,-0.222947076
1699,SFNC,-0.287283928,-0.223092691
144,ATS,-0.149871421,-0.223323176
1094,KFRC,-0.225173631,-0.224137536
659,ETG,-0.013728673,-0.22475631
1074,JNPR,0.429211459,-0.224972518
830,GGAL,-0.058220798,-0.225254422
1803,STT,0.103004135,-0.225368462
1368,NSIT,0.216980897,-0.225567457
114,ARCB,0.085611627,-0.226520916
347,CHCO,-0.119036604,-0.227296677
2069,WNS,0.109202478,-0.227975946
102,AOD,-0.013558428,-0.228128671
711,FCNCA,-0.328146533,-0.228532358
1896,TRMK,-0.152398618,-0.228831059
523,DHI,-0.065323018,-0.229446302
1069,JKHY,-0.122772926,-0.229458814
1473,PCN,-0.085788402,-0.229533442
364,CIF,-0.155466303,-0.229580622
1733,SLF,-0.118167378,-0.229757685
441,CRF,-0.095652505,-0.229765273
56,AIN,-0.024831045,-0.229854378
998,IDXX,-0.141778698,-0.230218799
706,FCBC,0.047542671,-0.230662396
604,EIG,-0.026373627,-0.231017934
1806,SU,0.182794466,-0.231035038
976,HWC,-0.236929948,-0.231238559
459,CSQ,-0.067268663,-0.231814237
1610,RES,0.002604629,-0.232158562
1592,RBC,0.029778951,-0.232171209
375,CLDT,-0.180954199,-0.232177943
764,FNWD,-0.207999152,-0.233193522
1615,RGEN,0.06599791,-0.233585945
1230,MGIC,0.337591825,-0.23368367
1449,OXM,-0.253997689,-0.233864668
565,DVAX,1.284526105,-0.235401853
1798,STN,-0.142729819,-0.236122401
898,HBAN,-0.279401105,-0.236441904
1779,SRE,-0.217286303,-0.237124142
359,CHTR,-0.116105271,-0.237297286
1184,MA,0.057402137,-0.238248755
1498,PFS,-0.286979597,-0.238644156
1375,NTRS,-0.222957497,-0.238755493
1841,TDY,0.147391348,-0.239198953
1889,TPX,0.316234176,-0.239284563
778,FRME,-0.102737307,-0.2397216
1144,LHX,-0.058164212,-0.239756855
2012,VPG,0.193050536,-0.239875399
1543,PNW,-0.186468545,-0.240405156
700,FBIZ,-0.409405938,-0.240755647
1117,KT,-0.272144941,-0.240920268
81,AMED,-0.027810395,-0.240942268
676,EVRI,0.452139611,-0.240958579
1663,SAR,-0.04702914,-0.241119139
214,BGY,-0.055354116,-0.241307326
2020,VTN,-0.404928544,-0.241361907
1539,PNM,-0.128524197,-0.241416433
1751,SNN,-0.089843161,-0.24177338
309,CATY,-0.165235797,-0.24181034
1358,NOM,-0.406244217,-0.242149701
1285,MSI,-0.291030981,-0.242920971
96,AMZN,-0.216391233,-0.24314951
2078,WSFS,-0.08112689,-0.243199714
962,HTBK,-0.006753226,-0.243297822
139,ATLC,-0.072326025,-0.244022666
2054,WINA,-0.279114375,-0.244168831
1270,MPB,0.014536996,-0.244251148
291,CACC,-0.125436564,-0.245252043
735,FIBK,-0.28471592,-0.245748842
805,GATX,-0.023284535,-0.245884268
564,DVA,-0.370106446,-0.246236247
1538,PNI,-0.404781039,-0.246893106
1329,NEU,-0.238512364,-0.247508263
1063,JEF,-0.251495352,-0.247509421
814,GDEN,0.131816714,-0.247715833
1775,SR,-0.220814121,-0.248244947
651,ESLT,0.004340317,-0.248465375
1883,TNP,-0.346765555,-0.248513869
135,ASTE,-0.137372017,-0.248554555
533,DJCO,-0.297736276,-0.249886641
384,CLW,-0.485235873,-0.250188378
2040,WEC,-0.267850671,-0.250569785
1236,MHI,-0.400454664,-0.250678446
1245,MKTX,-0.297267079,-0.25114974
6,AAPL,-0.000414743,-0.251355196
455,CSGS,-0.23004303,-0.251514277
224,BJRI,-0.274936702,-0.251554964
1220,MFC,0.142588764,-0.251915183
1980,UVSP,-0.210665225,-0.251921608
271,BTZ,-0.197434493,-0.251981078
1061,JCI,-0.218386602,-0.252863445
561,DTE,-0.152218504,-0.252913017
181,BBSI,-0.309687686,-0.254006734
2055,WIRE,-0.175106713,-0.254145762
1300,MUI,-0.398640959,-0.254517421
1363,NRIM,-0.321420057,-0.25470391
80,AME,0.079211365,-0.254782123
588,EEA,-0.008312869,-0.256326628
311,CBAN,-0.237599448,-0.25639483
1834,TCBK,-0.141562986,-0.257288941
1492,PFG,0.177167357,-0.25731914
583,ED,-0.341903414,-0.257374031
1038,ISDR,0.037494642,-0.25772885
95,AMX,0.288153476,-0.257772656
206,BFS,-0.217396582,-0.258713202
1914,TT,0.045991317,-0.258822662
1197,MBCN,-0.234466728,-0.259074517
559,DSWL,-0.106566101,-0.259295048
1448,OXLC,-0.183453618,-0.259477971
2071,WPC,-0.282323666,-0.260279814
1579,PYN,-0.427525141,-0.260757733
407,CNP,-0.154430015,-0.261193411
1062,JCTCF,-0.347504185,-0.26168293
247,BOE,-0.077913762,-0.261852944
887,GTN,-0.127991373,-0.262214952
1573,PTY,-0.12332267,-0.262452182
1129,LCII,-0.219311153,-0.262708467
1076,JOE,-0.208915185,-0.262725961
921,HIFS,-0.417948726,-0.263656494
1056,JBHT,-0.02607472,-0.263797796
570,DY,-0.197113633,-0.264169553
1027,INVA,-0.230387037,-0.264517657
86,AMN,-0.190153489,-0.26474781
1515,PKBK,-0.264400504,-0.264883311
1200,MCD,-0.1004023,-0.26507251
264,BSAC,-0.159559417,-0.26512275
1039,ISRG,0.310226577,-0.265345485
1566,PSA,-0.122058279,-0.265376655
1019,INDB,-0.141875709,-0.265493024
474,CVBF,-0.270549216,-0.265662524
1168,LSBK,-0.292108424,-0.266715294
1636,ROK,0.013800508,-0.266927967
2076,WSBC,-0.297814627,-0.266946254
590,EFC,-0.253199838,-0.26747684
901,HBNC,-0.460087188,-0.268462441
1479,PDFS,-0.314553064,-0.268639263
1947,UHAL,-0.302431299,-0.268682952
1997,VIRC,0.058543759,-0.269358075
387,CM,-0.340284148,-0.269440922
61,AKAM,-0.156701626,-0.269628407
1345,NKSH,-0.122678324,-0.269891475
2031,WAT,-0.124411074,-0.270572603
1942,UEC,0.099699261,-0.270578737
541,DMF,-0.420296465,-0.270731651
982,IAF,-0.264104346,-0.270987873
1259,MNSB,-0.445960227,-0.271110552
1608,RELX,-0.017948788,-0.271187609
496,CZFS,-0.308843826,-0.271421272
728,FFIC,-0.183481877,-0.271686603
1478,PDEX,0.009502704,-0.271744507
433,CPRT,-0.163282104,-0.271755326
1318,NBN,-0.109270126,-0.271822578
1002,IFN,-0.117679339,-0.272262203
848,GLBZ,-0.601817075,-0.272992596
885,GTE,-0.205207228,-0.273034425
1399,NYT,0.177608067,-0.273168706
912,HELE,-0.280487971,-0.274009047
186,BC,-0.287159889,-0.274011544
1836,TCOM,-0.341107162,-0.274054596
1817,SXT,-0.366430161,-0.274207191
411,CNXN,-0.591072846,-0.274497941
606,EIX,-0.336225317,-0.274544048
1815,SXC,0.023090875,-0.274570624
1001,IFF,-0.348426248,-0.274629441
923,HII,-0.056769112,-0.274647119
1439,OSBC,-0.422559659,-0.274982455
1428,OPCH,0.263139639,-0.275011111
1792,STE,-0.093916138,-0.275020353
989,IBOC,0.262557752,-0.27515461
1601,RDN,-0.214668956,-0.275496859
58,AIT,-0.032365705,-0.275905253
904,HCKT,-0.809639501,-0.275910598
12,ABM,-0.206934624,-0.275932227
2049,WGO,-0.298084971,-0.27596968
1064,JEQ,-0.178107077,-0.276329347
627,ENX,-0.392000281,-0.276349645
129,ASG,-0.041185566,-0.276422451
936,HNI,-0.066110257,-0.276889787
1523,PLOW,-0.179297573,-0.277768554
228,BKH,-0.176128602,-0.277883713
42,AEP,-0.276779887,-0.278036004
445,CRL,-0.029445213,-0.278072086
1290,MTB,-0.520363821,-0.278314689
795,FUND,-0.124088727,-0.279076427
1140,LGI,-0.074344579,-0.279558297
733,FHN,-0.366323026,-0.279995454
857,GNT,-0.095471654,-0.280722724
1534,PMX,-0.427444342,-0.280833453
911,HEI,-0.05992333,-0.280962342
506,DBI,-0.491648155,-0.280980815
1406,OCFC,-0.376633648,-0.281260373
1556,PRFT,0.081991314,-0.281347841
437,CPT,-0.235658494,-0.281899029
1373,NTES,-0.340681153,-0.28263961
694,FAF,-0.250711539,-0.282660007
1634,ROG,0.023611192,-0.282819008
1736,SLMBP,-0.344839231,-0.283338748
667,EVBN,-0.293083381,-0.283628351
331,CDNS,0.122636876,-0.28373588
292,CACI,-0.032221613,-0.28404245
831,GGB,0.109235154,-0.2845019
57,AIR,-0.062930397,-0.285221557
1128,LBAI,-0.290254966,-0.285224687
969,HUBB,-0.153906526,-0.285591726
1939,UBSI,-0.1944858,-0.286169292
1277,MRTN,-0.207750935,-0.286230475
1528,PM,-0.225975618,-0.286471548
110,APOG,-0.484710012,-0.286578506
1632,RNST,-0.394561069,-0.287092634
498,CZWI,-0.457486923,-0.287230691
1370,NSSC,-0.674116555,-0.287241617
1371,NSYS,-0.641195837,-0.28740156
260,BRKR,-0.008591435,-0.287794264
388,CMA,-0.409926133,-0.289490683
1838,TDC,-0.093754109,-0.289561762
1650,RVT,-0.12533755,-0.29011421
970,HUBG,-0.256575168,-0.290447671
1032,IPG,-0.141985019,-0.290967363
852,GLU,-0.246726082,-0.291466567
36,AEHL,-0.245399217,-0.291813226
2086,WTI,0.275574365,-0.291977777
1051,J,-0.087434484,-0.292850476
430,CPHC,-0.220822377,-0.293104091
1049,ITW,-0.235954678,-0.293666903
1348,NMM,0.071375917,-0.293935766
894,HAFC,-0.33428593,-0.294397279
1461,PAYX,-0.178076047,-0.294749182
415,COHU,-0.168269964,-0.294785363
1509,PHM,-0.031756393,-0.295413983
30,ADP,-0.379587477,-0.295712731
1234,MGYR,-0.351433988,-0.296281067
1767,SPH,-0.382402973,-0.296928589
1666,SB,0.459310429,-0.297236909
524,DHIL,-0.201796541,-0.297771766
1742,SMCI,-0.02114941,-0.298638941
1324,NDSN,-0.298354674,-0.299453331
279,BWXT,-0.226894714,-0.299758621
2037,WDFC,-0.357653929,-0.300326489
438,CQP,-0.150872714,-0.300593106
486,CWCO,-0.165931026,-0.30088279
362,CIB,-0.075773098,-0.301211177
546,DOV,-0.107028053,-0.303978435
1422,OMAB,-0.265215933,-0.304017936
1872,TKO,-0.074848543,-0.304155738
499,D,-0.301870187,-0.304159748
1931,TYL,0.030421964,-0.304186821
1756,SNY,-0.051371258,-0.304536319
324,CCJ,-0.119591656,-0.304689468
1558,PRGO,-0.208719037,-0.304997084
208,BG,-0.329690677,-0.305373712
1264,MODG,0.138533247,-0.305662234
1026,INTU,-0.050473232,-0.305716722
2002,VLO,0.033355597,-0.305728911
238,BMA,-0.415571673,-0.306143181
818,GE,-0.463159636,-0.306244239
202,BEN,-0.255513484,-0.306825072
1281,MSCI,-0.017041712,-0.307268131
1808,SUZ,0.467662516,-0.307380554
645,ERII,-0.977447164,-0.307391807
1784,SSNC,-0.20236324,-0.307445836
816,GDOT,0.676535617,-0.307653439
703,FBP,-0.032109264,-0.307695232
1813,SWN,-0.337848399,-0.307915077
850,GLP,-0.246496474,-0.308206717
457,CSL,-0.248819067,-0.308709329
974,HVT,-0.360690709,-0.308757119
1551,PPG,-0.280506078,-0.308909227
101,ANSS,0.018183407,-0.30899318
1279,MSA,0.067484658,-0.309226652
646,ES,-0.292850836,-0.309425534
134,ASR,-0.20351794,-0.309533599
956,HSIC,-0.312777316,-0.309541422
303,CARE,-0.324116662,-0.311436269
380,CLMB,-0.273006967,-0.311498451
1127,LARK,-0.390578618,-0.311757644
763,FNV,-0.057106995,-0.312017718
2048,WFCF,-0.186890908,-0.312357552
853,GLW,-0.271690201,-0.312791342
217,BHE,-0.381308024,-0.313163117
452,CRWS,-0.277618176,-0.313321031
635,EPSN,0.598931481,-0.313662258
1702,SGC,-0.407217298,-0.313878769
293,CADE,-0.40859483,-0.314025574
477,CVE,-7.63315567,-0.314075695
1481,PEAK,-0.322303807,-0.314329491
1110,KOP,-0.087070475,-0.315330044
1398,NYCB,-0.416244497,-0.315791706
1101,KLAC,-0.118580161,-0.316214485
1384,NVO,0.186548913,-0.316298543
525,DHR,-0.236558085,-0.316386642
325,CCK,-0.389087759,-0.316574195
209,BGC,-0.022863418,-0.317668192
1336,NHC,-0.350294776,-0.321950227
1832,TBNK,-0.557595205,-0.322153835
1170,LSTR,-0.110210894,-0.322455869
443,CRI,-0.314584875,-0.323284888
1826,TAP,-0.424833348,-0.323657289
1894,TRI,-0.317711071,-0.324603357
1842,TECH,-0.072262573,-0.324900329
2072,WPM,-0.178784361,-0.326259523
1637,ROL,-0.00125897,-0.326444888
1194,MAT,-0.650060099,-0.326753385
2079,WSM,-0.238012374,-0.326836854
938,HNRG,-0.725688364,-0.327149272
360,CHW,-0.116998677,-0.328789247
402,CNI,-0.233019547,-0.329021739
1705,SHBI,-0.200186193,-0.329040999
1125,LAMR,-0.138559039,-0.329426819
188,BCBP,-0.471696695,-0.329487425
1900,TROW,-0.048139784,-0.330765799
109,APO,0.179843114,-0.331020761
473,CUZ,-0.098192644,-0.33142828
2109,ZTR,-0.284768262,-0.331767783
1135,LEN,-0.147266157,-0.33187584
1857,TGT,-0.259195661,-0.332548593
1502,PGP,-0.104976309,-0.333947418
2026,WAB,-0.041196525,-0.334598199
1628,RMBS,-0.114948641,-0.334631655
1096,KFY,-0.042868112,-0.336118239
423,COST,-0.338011295,-0.336359691
1727,SKM,-0.399104862,-0.338128166
1549,PPBI,-0.539220188,-0.338826375
413,COF,-0.33098334,-0.339082528
603,EHI,-0.358632306,-0.339084184
1015,IMO,-0.284101228,-0.339132536
386,CLX,-0.408198453,-0.339497498
1294,MTH,-0.018969829,-0.339678095
450,CRUS,-0.541607568,-0.340447477
940,HOG,-0.438184369,-0.34051155
832,GGG,0.230167122,-0.340551536
1504,PGTI,0.212202511,-0.340640791
575,EBAY,-0.196004865,-0.34114764
1674,SBR,-0.095077044,-0.341726623
234,BLK,-0.240547464,-0.341859518
897,HAYN,-0.132201511,-0.341940916
1298,MTX,-0.499688771,-0.34206133
1142,LGND,-0.038633352,-0.342240265
67,ALG,-0.228207534,-0.342384829
534,DK,-0.221892565,-0.3428991
424,CP,-0.097994431,-0.343308829
1067,JHX,-0.373412514,-0.344021809
873,GRC,-0.444398956,-0.34493105
1968,USB,-0.48834957,-0.345451063
1692,SEM,0.092730239,-0.345624852
1552,PPIH,-0.370533597,-0.345625926
1405,OCC,-0.00084669,-0.345691052
1308,MYE,0.050667746,-0.346584542
246,BNS,-0.384396514,-0.346966408
730,FFIV,0.069839303,-0.347022565
111,APT,-0.423321318,-0.347418824
172,BAC,-0.132342016,-0.347736453
743,FLEX,-0.153331765,-0.347950078
1985,VALU,-0.511015802,-0.348013217
1989,VCV,-0.527897341,-0.348630165
827,GF,-0.071554562,-0.348853055
76,ALX,-0.170072268,-0.349358347
714,FCX,-0.11265312,-0.349717866
910,HEES,0.038516795,-0.351169382
906,HD,-0.325568159,-0.352790745
1807,SUI,-0.32546013,-0.35296663
108,APH,-0.122472473,-0.35343758
991,ICFI,0.037655165,-0.35375176
1839,TDG,-0.072011874,-0.355160388
1686,SCVL,-0.428356136,-0.355266973
865,GOOGL,-0.126621817,-0.355885247
948,HPQ,-0.216417299,-0.356239139
699,FBIN,-0.465615106,-0.356743108
1651,RVTY,-0.232934702,-0.357079784
471,CUBE,-0.183631225,-0.357780317
493,CXW,-0.664045236,-0.357859199
1023,INGR,-0.291046182,-0.358060845
618,EMF,-0.13155811,-0.358278898
19,ACM,-0.30074244,-0.359026589
1263,MOD,0.163416666,-0.359133162
1745,SMMF,-0.444863463,-0.359149686
2004,VLY,-0.408463583,-0.35918239
1458,PAM,-0.209315961,-0.35921235
79,AMD,-0.414280837,-0.359229077
1955,UMC,-0.073103291,-0.359441684
594,EFX,-0.345434468,-0.36039522
1000,IEX,-0.091148426,-0.361399224
432,CPLP,-0.32910164,-0.362358377
2085,WTFC,-0.373335292,-0.362375874
1995,VIAV,-0.019675471,-0.362480486
1372,NTAP,-0.185784862,-0.362531247
900,HBM,-0.206169189,-0.362839502
190,BCH,-0.20648766,-0.362969244
275,BVN,-0.314188383,-0.363641835
9,ABCB,-0.390250888,-0.363984294
204,BFH,-0.526163904,-0.366126788
864,GOOG,-0.137175349,-0.366764441
1178,LYB,-0.242050489,-0.36682896
516,DFS,-0.625308239,-0.36795693
410,CNX,-0.186568391,-0.368902812
254,BPOP,-0.019077302,-0.368929158
1181,LYV,0.131335683,-0.369865116
2094,WYNN,0.282752985,-0.371352639
1718,SII,-0.150460979,-0.37160048
226,BKCC,-0.122941883,-0.372068416
1029,IOSP,-0.179030618,-0.372384322
458,CSPI,-0.609206292,-0.372756696
859,GNW,-0.024703807,-0.372824327
245,BN,-0.412406221,-0.373082243
1802,STRT,-0.192980569,-0.373206752
1041,IT,-0.1406662,-0.373216318
1731,SKYW,-0.409873903,-0.373441673
1924,TWN,-0.255843344,-0.373730143
1668,SBCF,-0.432341342,-0.373744091
77,AMAT,-0.017128722,-0.375086844
1805,STZ,-0.203386349,-0.375520035
1943,UFPI,-0.475948152,-0.375824692
2106,ZD,-0.556582751,-0.376208817
1452,OZK,-0.591726955,-0.377218488
176,BANR,0.133408961,-0.377519158
2067,WNC,0.135940216,-0.378266638
38,AEIS,-0.119232368,-0.379465367
1457,PALI,-0.644465911,-0.379649149
1505,PH,-0.119823197,-0.380663116
495,CYH,-0.084365122,-0.381680142
945,HOPE,-0.236103251,-0.381928187
422,CORT,0.29832422,-0.382103582
1602,RDNT,0.254449597,-0.382207991
892,H,-0.152487062,-0.382963302
1781,SSBI,-0.457037697,-0.383825592
1589,RAND,-0.545601154,-0.384108301
3,AAME,-0.607185393,-0.384523248
51,AGO,-0.209092912,-0.384777734
18,ACLS,-0.120766598,-0.38641432
1188,MAN,-0.028007286,-0.386920307
164,AXP,-0.199399994,-0.388408789
952,HRB,-0.571927686,-0.388459706
1088,KELYB,-0.035189266,-0.38868589
354,CHMG,-0.671027316,-0.389455783
276,BWA,0.095457683,-0.389813536
1537,PNFP,-0.405558603,-0.390102451
1684,SCS,-0.463978881,-0.390304885
1433,ORA,-0.122181919,-0.390305588
2105,ZBRA,-0.196322951,-0.390343142
1408,OCUP,-0.627283846,-0.390531049
2029,WAL,-0.392116364,-0.391893983
983,IAG,0.031639096,-0.39285279
1520,PLAB,-0.467353299,-0.393450549
146,AU,-0.575878937,-0.394102146
1965,URBN,-0.361314519,-0.39425623
1304,MWA,-0.295376092,-0.395173229
1221,MFD,-0.264514422,-0.396372797
847,GLBS,-1.676122285,-0.39674532
1876,TM,-0.493919423,-0.398761644
50,AGNC,-0.485317945,-0.399018824
1701,SGA,-0.109077413,-0.399354789
1559,PRGS,-0.040914951,-0.399655334
463,CSX,-0.163677218,-0.399831511
863,GOLD,-0.541122109,-0.400619515
1746,SMP,-0.507118093,-0.400714275
1097,KGC,0.008582409,-0.401792939
218,BHLB,-0.628257548,-0.402331944
1824,TAIT,-0.115927652,-0.402623523
620,EMN,-0.260520305,-0.402918673
1987,VBFC,-0.297339159,-0.403200528
417,COLB,-0.130876255,-0.403499297
314,CBRE,-0.074096302,-0.404005547
1940,UCBI,-0.415104027,-0.404024189
597,EGBN,-0.395321525,-0.404402903
1385,NVR,-0.306544273,-0.404562355
1877,TMO,-0.334722261,-0.405093161
641,EQT,-0.301802122,-0.405212085
223,BIP,-0.413212139,-0.405526094
1,A,-0.040767089,-0.405852479
1593,RBCAA,-0.256418433,-0.406342482
1561,PRIM,0.029226054,-0.40679605
1720,SIMO,-0.209964141,-0.407794289
668,EVC,-0.237506868,-0.408506884
1098,KGEI,-0.138674486,-0.410248388
935,HMY,-0.612835303,-0.411263033
1176,LXP,-0.198555655,-0.412174304
658,ETD,-0.252510218,-0.412289672
369,CIM,-0.585298519,-0.412366518
770,FORR,-0.318919528,-0.412676611
545,DORM,-0.56448118,-0.413811721
442,CRH,-0.282870273,-0.414066285
840,GIL,-0.254773591,-0.414643971
1210,MDC,-0.131826603,-0.416308306
1169,LSCC,-0.591433156,-0.416350961
686,EXPD,-0.5064356,-0.417308941
1689,SEE,-0.319552763,-0.417392242
2005,VMC,-0.342301289,-0.418093794
2006,VMI,-0.553429415,-0.418608229
1949,UHT,-0.483189044,-0.418667052
1616,RGLD,-0.16686503,-0.418801033
35,AEF,-0.083456032,-0.419006211
1545,POOL,-0.584082095,-0.419152312
684,EXLS,-0.241625519,-0.419363269
1747,SNA,-0.386076375,-0.419454954
809,GBLI,-0.371217098,-0.420320559
1106,KMX,-0.279271894,-0.42051989
1320,NC,-0.240759609,-0.421750309
1292,MTD,-0.04463858,-0.422174842
690,EXR,-0.328786287,-0.423046363
1472,PCM,-0.365484425,-0.423401544
89,AMRC,-0.276092028,-0.423469108
1367,NSC,-0.209346409,-0.423638247
1334,NGG,-0.47716299,-0.423859813
1780,SSB,-0.529453337,-0.424004825
747,FLS,-0.327027663,-0.424379226
791,FUL,-0.298587415,-0.424825213
1241,MITK,0.639635491,-0.424884134
674,EVR,-0.505008069,-0.424935691
1737,SLP,-0.259899964,-0.425150637
572,EA,-0.141027371,-0.426097972
70,ALK,-0.751823007,-0.426829518
478,CVI,-0.272462044,-0.427135304
685,EXP,-0.31212127,-0.427303284
256,BR,-0.334711909,-0.427626413
1690,SEIC,-0.310469273,-0.428619986
1712,SHW,-0.491728444,-0.428628536
1659,SAND,-0.190220882,-0.429438737
1150,LKQ,-0.299366181,-0.429601185
1657,SAM,-0.360692072,-0.429784491
2063,WMB,-0.388387403,-0.430395998
405,CNO,-0.237507059,-0.430560153
599,EGO,-0.58433298,-0.430688567
551,DRH,-0.130892729,-0.43077979
1735,SLM,-0.764633238,-0.431177962
993,ICLR,-0.231907675,-0.431514273
1748,SNBR,-0.557449194,-0.432667698
1249,MLM,-0.345789221,-0.433224107
1918,TTEK,-0.324736203,-0.434966091
136,ASX,-0.709028441,-0.43501067
2033,WBS,-0.444431166,-0.435364061
1190,MAR,-0.170061849,-0.43556174
955,HSBC,-0.228403079,-0.436327267
288,C,-0.1424862,-0.436404889
131,ASH,-0.163978033,-0.436897428
100,ANIP,0.154332543,-0.437080756
1577,PWR,-0.645162345,-0.437295449
740,FIZZ,-0.162669147,-0.437899735
1246,MLAB,-0.153536999,-0.438776719
1541,PNR,-0.393704637,-0.438959859
2089,WTS,-0.373585897,-0.439487732
1266,MOH,0.197681615,-0.441699085
2083,WT,0.153485537,-0.442172097
819,GEF,-0.338893004,-0.442312081
317,CBT,-0.42321062,-0.443175278
800,GAB,-0.30596129,-0.443239939
1698,SFL,-0.40272191,-0.44347324
49,AGM,-0.55156781,-0.444127505
98,ANDE,-0.459329948,-0.444756082
1944,UFPT,-0.45245891,-0.446566616
1766,SPGI,-0.349585847,-0.446927721
37,AEHR,-0.806857309,-0.447219431
828,GFF,-0.742027147,-0.447902878
394,CMI,-0.150047847,-0.448297123
780,FRPH,-0.431275379,-0.448662863
2007,VMW,0.222540788,-0.448871978
1822,TAC,-0.425373142,-0.449013688
1873,TKR,-0.207116668,-0.450000846
1892,TREX,-0.464514988,-0.451037092
174,BALL,-0.595978834,-0.451088823
861,GOGL,-0.266131409,-0.451551998
1897,TRN,-0.141571297,-0.451627379
1009,III,-0.221353781,-0.451842831
2093,WY,-0.489585775,-0.452651204
258,BRID,-0.449102783,-0.452851527
104,AOS,-0.315325085,-0.453065372
1341,NICE,-0.185304974,-0.455784321
858,GNTX,-0.322019717,-0.455921371
1723,SIX,-0.279844921,-0.456541016
1182,LZB,-0.457410779,-0.456559031
1570,PTC,0.047022258,-0.456745902
133,ASML,-0.206149122,-0.456982981
1113,KRC,-0.364648611,-0.458391852
965,HTHT,0.087533178,-0.45863539
138,ATI,-0.166879648,-0.45937253
824,GEO,-0.824302284,-0.459415757
1435,ORCL,-0.387150661,-0.460316007
972,HURC,-0.064987625,-0.460506834
1174,LVS,0.139913861,-0.462826462
908,HDSN,0.009219433,-0.462921717
738,FITB,-0.535931265,-0.463627078
1981,UVV,-0.751015374,-0.463964652
1582,QCOM,-0.483581088,-0.463997567
1911,TSLA,-0.140722608,-0.465332099
1912,TSM,-0.476946594,-0.465653952
31,ADSK,0.270313156,-0.466159355
449,CRT,-0.509313799,-0.466697556
194,BCS,-0.22420762,-0.466767525
1010,IIIN,-0.936722197,-0.467240217
156,AVT,-0.553810759,-0.469417116
469,CTSH,-0.223588548,-0.470067532
946,HOV,-0.508146683,-0.470897827
1744,SMID,-0.884423287,-0.470942713
1934,UAL,-0.835777831,-0.471027474
454,CSGP,-0.007284253,-0.471097797
1996,VICR,-0.189905388,-0.472922059
2010,VOC,-0.278201662,-0.47306999
2045,WEYS,-0.716446818,-0.474297448
1293,MTG,0.327211333,-0.474397073
1612,RF,-0.533059047,-0.475199135
1917,TTEC,0.019274972,-0.475547725
1901,TRS,-0.065117775,-0.475752954
1105,KMT,-0.322237097,-0.476933764
769,FORM,-0.25780148,-0.477040888
48,AGI,-0.373852456,-0.479644813
856,GNRC,-0.627086423,-0.48269871
436,CPSS,-0.816606578,-0.483540338
1409,ODC,-0.832887528,-0.48384352
152,AVD,-0.350704962,-0.484160443
157,AVY,-0.497635408,-0.484830955
510,DD,-0.091428043,-0.484857163
1721,SIRI,-0.519699006,-0.485246141
1794,STK,-0.361207378,-0.485258115
1778,SRDX,-0.509725444,-0.486541788
235,BLKB,-0.194262826,-0.486843576
772,FR,-0.137866362,-0.487851328
1667,SBAC,-0.345915039,-0.489639058
538,DLR,-0.531877156,-0.489828941
1295,MTN,-0.094798866,-0.490644178
1134,LECO,-0.287400389,-0.49380691
1688,SEB,-0.561770916,-0.494436909
1133,LEA,-0.370341738,-0.494457187
2053,WILC,-0.672539775,-0.495429178
1682,SCI,-0.433110698,-0.495479435
1107,KNX,-0.330986648,-0.496502534
323,CCI,-0.508624804,-0.496887178
834,GGT,-0.370300999,-0.497038639
1660,SANM,-0.240051594,-0.498206394
1460,PAYS,-0.848225306,-0.498752833
608,ELA,-0.862440451,-0.499496161
401,CNC,-0.324801021,-0.500039063
1179,LYG,-0.314258218,-0.501083169
760,FNCB,0.058456131,-0.502882976
501,DAIO,0.208183069,-0.505949961
929,HLIO,0.356934972,-0.506639468
767,FOR,-0.191346813,-0.507050082
154,AVNT,-0.66337021,-0.507446481
1812,SWKS,-0.354433964,-0.508194188
232,BLDR,-0.11361599,-0.508304805
298,CAL,-0.226073118,-0.50861056
1625,RLGT,-0.504452426,-0.508721587
785,FSLR,-0.1657172,-0.509809101
1470,PCH,-0.613010274,-0.511144335
1166,LRCX,-0.318282828,-0.511295291
1394,NXDT,-0.732200167,-0.511306697
145,ATSG,-0.104201858,-0.512906907
1100,KKR,-0.307101065,-0.513356811
1512,PII,-0.181174216,-0.513469622
372,CIX,-0.719763424,-0.513537793
905,HCSG,-0.393911846,-0.51372851
341,CFBK,-0.027292881,-0.516592588
867,GPI,-0.588135798,-0.517251936
1683,SCL,-0.388413355,-0.51793094
280,BX,-0.280221238,-0.51926201
1158,LNW,-0.193134351,-0.519832934
1454,PAC,-0.727451951,-0.519839069
1846,TEL,-0.044183006,-0.520554509
1653,RYAAY,-0.336543892,-0.520751905
2043,WERN,-0.312945901,-0.521033915
1007,IHT,-0.892727031,-0.521194854
1392,NWPX,0.05288018,-0.521226809
607,EL,-0.316775883,-0.522093322
797,FWRD,-0.300886439,-0.523898614
466,CTLP,-0.221277732,-0.523991986
1590,RAVE,-0.591661626,-0.525787683
1710,SHO,-0.056443463,-0.526709116
752,FMC,-0.27379659,-0.526751608
1895,TRMB,-0.150952638,-0.526813115
1643,RS,-0.421521112,-0.527492801
1250,MLR,-0.637264593,-0.527877389
966,HTLD,-0.655007614,-0.52803196
543,DNN,0.31724301,-0.528215995
1611,REX,-0.680041018,-0.530045509
97,AN,-0.579433422,-0.530106056
1393,NX,-0.406874996,-0.530204989
692,EZPW,-0.481924533,-0.530686874
1177,LXU,-0.674591581,-0.530707336
83,AMG,-0.397086976,-0.532716068
475,CVCO,-0.523640275,-0.534416845
1927,TXN,-0.430050297,-0.536329727
1238,MHO,-0.268159708,-0.537303362
679,EWBC,-0.265732233,-0.538594402
995,IDCC,-0.880306501,-0.540186453
1714,SIEB,-0.80209915,-0.540603651
1218,MEOH,-0.221933883,-0.543508033
950,HQI,-0.768487095,-0.543549717
540,DLX,-0.393040051,-0.543658731
126,ARW,-0.350657247,-0.544185467
1441,OSK,-0.168610372,-0.549552873
794,FUNC,-0.265596952,-0.550007428
1419,OLED,-0.220983913,-0.550066643
130,ASGN,-0.059929293,-0.550074698
2107,ZEUS,-0.613791412,-0.552484474
1118,KTCC,-0.424788408,-0.552914736
1289,MT,-0.282485049,-0.553290446
1782,SSD,-0.561919688,-0.554671013
1085,KBH,-0.24525775,-0.555167587
1761,SONY,-0.179893932,-0.55517595
1141,LGL,-0.359041571,-0.556064725
1071,JLL,-0.398130233,-0.559705117
25,ADBE,-0.252311596,-0.561132679
637,EQIX,-0.471791074,-0.562027621
17,ACIW,-0.377562717,-0.562091342
1248,MLKN,-0.359662016,-0.563157972
1861,THO,-0.742810079,-0.564010007
1609,REPX,0.279126322,-0.565605827
1847,TEO,-0.477304093,-0.565959502
1467,PCAR,-0.433775854,-0.566990958
1568,PSMT,-0.647025045,-0.567200462
1648,RUSHB,-0.216576477,-0.567724876
1410,ODFL,-0.349300615,-0.568106848
868,GPK,-0.144392368,-0.569132881
1480,PDS,-0.406532602,-0.57086668
65,ALCO,-0.535281615,-0.571146206
1242,MITT,-0.842030764,-0.573508606
1102,KLIC,-0.565559805,-0.578063319
1201,MCHP,-0.433127464,-0.57885122
143,ATRI,-0.750755422,-0.580322948
839,GIC,0.305299018,-0.581390696
1874,TLF,-0.608869277,-0.582892844
1796,STLD,-0.508074948,-0.582945274
2019,VSH,-0.258109293,-0.584206436
804,GASS,-0.662435267,-0.586841598
1624,RL,-0.444587203,-0.58798697
1138,LFUS,-0.334993939,-0.588715969
1988,VC,-0.270473756,-0.588923324
75,ALV,-0.352749932,-0.589133254
1517,PKG,-0.54622962,-0.589679768
903,HCI,-0.873018979,-0.594157574
282,BXMT,-0.267722892,-0.594354498
13,ABR,-0.034838965,-0.595225444
771,FORTY,-0.347257328,-0.595677164
1795,STLA,-0.088057864,-0.597177948
1291,MTCH,-0.318578985,-0.600042948
1083,KALU,-0.590321358,-0.600535799
1729,SKX,-0.76023276,-0.601158354
1966,URI,-0.491159729,-0.603718425
1522,PLD,-0.391275079,-0.604258206
196,BDC,-0.320205444,-0.604823868
1455,PAG,-0.548622676,-0.605173821
1420,OLN,-0.811250977,-0.606263642
121,ARMN,-0.514527407,-0.606868208
786,FSS,-0.346117487,-0.607662149
1647,RUSHA,-0.187469924,-0.608427669
1232,MGPI,-0.441946027,-0.608450916
1192,MAS,-0.407034577,-0.609524685
1033,IPGP,-0.213810566,-0.610245454
1164,LPX,-0.47895395,-0.612206429
85,AMKR,-0.940811367,-0.613115966
1654,RYN,-0.686533239,-0.614277825
1518,PKOH,-0.115250905,-0.61445664
344,CGNX,-0.27372042,-0.614650165
719,FDX,-0.583752464,-0.61524058
1945,UG,-0.574531998,-0.615784332
1082,KAI,-0.05296473,-0.616544684
456,CSIQ,-0.708643848,-0.617867101
2110,ZYXI,0.356673458,-0.618386315
1656,SAIA,-0.378814993,-0.6196934
1547,POWI,-0.445326148,-0.62062026
1882,TNL,-0.046281857,-0.623872492
2050,WHG,-0.718895436,-0.623896749
467,CTRA,-0.48894909,-0.625962562
1084,KB,-0.56678427,-0.626030382
2036,WD,-0.746552499,-0.627692104
1863,THRM,-0.824292968,-0.632222111
750,FMAO,-0.34725142,-0.637675625
854,GM,-0.497713866,-0.6384506
448,CRS,-0.360628026,-0.640312753
1848,TER,-0.27944912,-0.642076727
953,HRI,-0.614435298,-0.642586099
185,BBY,-0.596224042,-0.64288747
776,FRCB,-1.112821637,-0.64309705
11,ABG,-0.532789298,-0.643124598
1588,R,-0.510902485,-0.643231411
28,ADI,-0.566160249,-0.647994343
1572,PTSI,-0.889259482,-0.648537188
1390,NWG,-0.513231965,-0.64866255
503,DAL,-0.889600826,-0.649109043
1123,LAD,-0.252531087,-0.650300345
1507,PHI,-0.635833518,-0.651432013
99,ANF,-0.161157154,-0.651992592
307,CAT,-0.258375042,-0.652642115
1754,SNV,-0.367358452,-0.655275829
1645,RTO,-0.413297545,-0.657241857
444,CRK,-0.909942087,-0.65861135
165,AXR,-0.613237061,-0.660682448
2052,WHR,-0.591050801,-0.663115623
959,HST,-0.36593077,-0.664450737
1853,TGB,0.163826119,-0.664664434
777,FRD,-0.769726408,-0.668835613
1296,MTR,-0.711183567,-0.677005487
755,FMS,-0.75037922,-0.678586151
1932,TZOO,-0.526218344,-0.681051346
1708,SHG,-0.617650135,-0.68331071
1843,TECK,-0.205201512,-0.6833381
1092,KF,-0.702174786,-0.68346567
332,CE,-0.618554961,-0.68417208
511,DDS,-0.856834414,-0.685291994
1205,MCO,-0.529782226,-0.687261072
1711,SHOO,-0.560505948,-0.687448552
395,CMPR,-0.414961023,-0.689095207
1227,MGA,-0.416887248,-0.689207887
94,AMWD,-0.652129028,-0.69216747
15,ACCO,-0.216809813,-0.692749871
285,BYD,0.126572496,-0.69488503
1120,KWR,-0.501671758,-0.695788226
958,HSON,-0.065748076,-0.696053927
1404,OC,-0.230592763,-0.696705887
1774,SQM,-0.46446464,-0.698672547
875,GRFS,-0.869704897,-0.699400868
2046,WF,-0.352842897,-0.699581196
468,CTS,-0.521863551,-0.700434108
1045,ITRI,-0.27701067,-0.703146996
1365,NRT,-0.849172111,-0.711078308
119,ARL,-0.996818182,-0.712913079
1442,OSUR,-0.588009582,-0.714178572
446,CRM,-0.399401215,-0.715428755
829,GFI,-0.678107788,-0.71849179
1017,INBK,-1.005392942,-0.723368718
548,DPZ,-0.630512997,-0.723747098
1383,NVMI,-0.544851745,-0.728093749
822,GEN,-0.955310376,-0.730315749
1034,IPI,0.082172491,-0.730578107
389,CMC,-0.613635991,-0.730921424
1376,NUE,-1.00852404,-0.735937175
1909,TSEM,-0.478512273,-0.736708021
1273,MPWR,-0.745512532,-0.736984638
871,GPS,-0.817692926,-0.737990996
2070,WOR,-0.789586675,-0.743735993
1024,INTC,-0.913622692,-0.744476236
1971,USNA,-0.456118929,-0.74500326
530,DIOD,-0.517842014,-0.7453635
351,CHEF,-0.381076255,-0.749956104
1865,TILE,-0.472838524,-0.750296445
941,HOLI,-0.283776313,-0.756604493
626,ENTG,-0.352190421,-0.757028791
619,EML,-0.699770977,-0.761258616
1078,JOUT,-0.072656946,-0.762751288
1440,OSIS,-0.581172137,-0.766401367
2023,VVI,-0.595666545,-0.768805742
1360,NOVT,-0.437035387,-0.769748548
390,CMCO,-0.287349193,-0.770592457
1524,PLPC,-0.35909741,-0.771352246
1849,TEX,0.005407365,-0.774094283
1025,INTT,-0.619570621,-0.777658274
1991,VEON,-0.615682661,-0.779341924
1087,KELYA,-0.341907069,-0.781472552
2061,WLK,-0.748650124,-0.788947404
2,AAL,-1.024194619,-0.789423493
1173,LUV,-1.148020371,-0.789866517
1148,LINK,-1.772332066,-0.791116329
2009,VNO,-1.080621683,-0.792289953
489,CX,-0.440311144,-0.798659554
105,AP,-0.495713148,-0.800156836
1380,NVDA,-0.364821503,-0.801896615
1933,UAA,-0.944696251,-0.804329282
494,CYD,-0.894642347,-0.81380671
2013,VRNT,-0.692364618,-0.814408446
585,EDN,-0.737333422,-0.82426753
687,EXPE,-1.096461656,-0.82793686
1544,PODD,-0.787043293,-0.835780704
586,EDU,-0.455226723,-0.83806782
1037,IRS,-1.033967578,-0.840001974
1328,NEOG,-0.951347281,-0.842756019
693,F,-0.682326968,-0.843665481
22,ACOR,-1.276434031,-0.845440115
609,ELLO,-1.212743478,-0.861284136
1030,IP,-0.808351241,-0.864452876
2075,WRLD,-0.273614516,-0.865338235
1231,MGM,0.125302961,-0.866547605
171,B,-0.591944857,-0.866823653
1597,RCL,-0.395239963,-0.867874887
1053,JAKK,-1.871712265,-0.867976611
301,CAMT,-0.015255823,-0.868833262
891,GYRO,-0.777982935,-0.871846681
1550,PPC,-0.367266047,-0.873195097
811,GBX,-0.129251455,-0.88876813
502,DAKT,-0.673023995,-0.889650033
1425,ON,-0.732102005,-0.893923568
1054,JAN,0.308731116,-0.902375392
549,DQ,-0.830504297,-0.905319085
1952,ULH,-0.92186178,-0.92205833
381,CLMT,-0.258936394,-0.929665634
1598,RCMT,-1.155016055,-0.932118985
1829,TATT,-0.923744644,-0.933415151
183,BBW,-1.14387313,-0.935051986
2098,XPO,-0.154496061,-0.940595359
1797,STM,-0.940946888,-0.947092196
872,GRBK,0.094626559,-0.94714792
1274,MPX,-0.425497376,-0.949922735
1519,PKX,-0.997467954,-0.949937736
149,AUDC,-0.840197042,-0.954395148
681,EXEL,-0.510580035,-0.9623094
221,BIDU,-0.669395616,-0.963377033
1888,TPR,-0.990242182,-1.010898168
1396,NXPI,-0.964429898,-1.016729213
1575,PVH,-1.004802694,-1.01851176
1216,MEIP,-0.325032484,-1.025250937
1715,SIFY,-0.173288796,-1.031549529
287,BZH,-0.371235863,-1.036126752
1431,OPXS,-1.03998088,-1.050901969
1155,LNG,0.203295151,-1.074245366
68,ALGN,-0.34195818,-1.080420841
1823,TACT,-1.18017906,-1.095298108
766,FONR,-0.80728227,-1.105215753
1703,SGMA,-0.890379034,-1.131462795
302,CAR,-0.860703713,-1.163977924
2008,VNDA,-0.554164788,-1.197002013
1586,QRTEA,-1.63305056,-1.313365154
1261,MNTX,-1.273453771,-1.36760448
596,EGAN,-0.786953452,-1.430493639
1709,SHIP,-1.018243833,-1.457302016
1070,JKS,-1.150921442,-1.713022486
1885,TOPS,-2.982119531,-1.772709769
1596,RCKY,-2.902050763,-2.149253654
1594,RBSH,-5.270331328,-3.922454028
