,STOCK,SMB
476,CVE,-6.00739591
1808,SVFD,-2.255225328
411,CODA,-2.153051895
1074,JOB,-1.881761861
1925,TXMD,-1.574301291
787,FTLF,-1.3390329
1566,PSHG,-1.301496705
1052,JAKK,-1.289659697
1320,NCMI,-1.227014274
1595,RCKY,-1.10389851
1147,LINK,-1.065323761
1585,QRTEA,-1.029709571
846,GLBS,-0.948578894
740,FL,-0.932869749
644,ERII,-0.926421414
1884,TOPS,-0.922694867
1458,PATK,-0.908046747
36,AEHR,-0.896731548
68,ALGT,-0.835756537
1483,PED,-0.810710589
84,AMKR,-0.810126985
543,DOOR,-0.809292873
809,GBR,-0.805245388
1456,PALI,-0.801813594
1158,LOAN,-0.785168601
78,AMD,-0.747390008
1834,TCI,-0.737010895
1369,NSSC,-0.731770525
885,GTIM,-0.727330683
805,GAU,-0.72087176
276,BWEN,-0.707719667
1827,TAST,-0.706905472
1287,MSTR,-0.706606582
757,FN,-0.690017323
209,BGFV,-0.689769192
775,FRCB,-0.687245177
2058,WLDN,-0.670884555
505,DBI,-0.670788753
566,DXCM,-0.668631434
402,CNK,-0.664285914
69,ALK,-0.653466462
686,EXPE,-0.65146656
433,CPRX,-0.649729179
1236,MHLD,-0.644204775
1172,LUV,-0.642017242
1743,SMID,-0.639664949
855,GNRC,-0.639141897
1193,MAT,-0.632348659
1168,LSCC,-0.626909925
1866,TIPT,-0.62671966
994,IDCC,-0.615880226
1182,M,-0.615042896
1989,VECO,-0.613893777
827,GFF,-0.612222992
1593,RBSH,-0.611930362
1860,THO,-0.610418629
1428,OPHC,-0.608448114
1933,UAL,-0.604927862
135,ASX,-0.602458147
40,AEO,-0.600541366
1241,MITT,-0.59586851
395,CMRE,-0.594015201
1727,SKT,-0.593060728
1164,LQDT,-0.592112737
1749,SNFCA,-0.591429692
1309,MYRG,-0.588714409
1375,NUE,-0.587106156
1669,SBGI,-0.587070176
1079,JWN,-0.584463264
688,EXPR,-0.584153769
903,HCKT,-0.583483223
608,ELLO,-0.579787668
1009,IIIN,-0.578941865
1012,IMKTA,-0.573847844
534,DKS,-0.572726147
622,ENLC,-0.569216988
1370,NSYS,-0.568040991
376,CLFD,-0.565256572
1174,LWAY,-0.561416329
1459,PAYS,-0.557910829
1332,NFLX,-0.555043945
1396,NXST,-0.553523099
237,BMA,-0.552507823
2101,YPF,-0.551425476
1,AAL,-0.55123326
1408,ODC,-0.550120389
1574,PVH,-0.545377819
1004,IGT,-0.543947884
1329,NEWT,-0.542466641
1942,UFPI,-0.541445306
368,CIM,-0.539962978
1192,MASI,-0.538311723
199,BELFA,-0.536919545
2008,VNO,-0.536389162
1586,QRTEB,-0.535111505
1327,NEOG,-0.53360839
698,FBIN,-0.531568124
945,HOV,-0.529527988
1775,SRC,-0.529519359
1863,THS,-0.529221909
1730,SKYW,-0.524903757
410,CNXN,-0.524110146
435,CPSS,-0.523870156
1952,ULTA,-0.52100875
449,CRUS,-0.519422994
817,GE,-0.518948616
1437,ORRF,-0.518025104
563,DVA,-0.517368579
392,CMG,-0.516943969
332,CECO,-0.513144862
1355,NOG,-0.510915802
952,HRI,-0.51080848
515,DFS,-0.509222486
1478,PDFS,-0.509145306
1862,THRM,-0.508540238
81,AMEH,-0.506711308
2105,ZD,-0.505969184
2035,WD,-0.502607089
502,DAL,-0.502155594
446,CROX,-0.499444251
1498,PFX,-0.498008402
919,HIBB,-0.489323097
153,AVNT,-0.487746406
1381,NVGS,-0.487527928
1267,MOS,-0.487483871
295,CAH,-0.486052702
183,BBWI,-0.485346181
1809,SWBI,-0.48483356
1796,STM,-0.482505611
1728,SKX,-0.482476291
1451,OZK,-0.481653757
230,BKU,-0.476329178
870,GPS,-0.474335134
1006,IHT,-0.472885469
1343,NKE,-0.467119851
1634,ROIC,-0.46694354
823,GEO,-0.466383154
192,BCPC,-0.465621026
1297,MTX,-0.465559634
902,HCI,-0.463725129
1971,USPH,-0.463484765
1453,PAC,-0.463113712
720,FEIM,-0.461820493
1891,TREX,-0.461452743
593,EFX,-0.460825428
1246,MLI,-0.460493989
1571,PTSI,-0.456756321
829,GGAL,-0.456332136
143,ATS,-0.455905007
1701,SGC,-0.453366037
1570,PTEN,-0.453286346
2106,ZEUS,-0.453111146
821,GEN,-0.452218277
124,ARTW,-0.451723462
747,FLT,-0.450201973
1919,TTI,-0.449781514
1581,QCOM,-0.449477404
1487,PERI,-0.44887775
1036,IRS,-0.448170868
1932,UAA,-0.446998667
405,CNOB,-0.445984186
745,FLR,-0.445015521
1179,LYTS,-0.443312701
244,BN,-0.442562943
371,CIX,-0.442484283
754,FMS,-0.442337474
1734,SLM,-0.43904426
1747,SNBR,-0.438334478
459,CSR,-0.436406221
23,ACU,-0.43636251
455,CSIQ,-0.434988766
519,DGII,-0.433489335
1544,POOL,-0.432803332
325,CCNE,-0.430289499
1911,TSM,-0.428614194
185,BC,-0.42730536
573,EAT,-0.426944172
1469,PCH,-0.426809329
1419,OLN,-0.425905599
173,BALL,-0.425805824
93,AMWD,-0.425637289
356,CHS,-0.424949495
936,HNNA,-0.424717243
937,HNRG,-0.424666253
95,AMZN,-0.424156268
109,APOG,-0.424005703
1023,INTC,-0.421223581
1101,KLIC,-0.421099699
1548,PPBI,-0.419519229
373,CLB,-0.417175969
1576,PWR,-0.416287028
1605,REI,-0.416223321
1131,LDWY,-0.413018809
1066,JHX,-0.408112651
2021,VTRS,-0.408007472
607,ELA,-0.40788723
2069,WOR,-0.407683614
1715,SIG,-0.407296599
2044,WEYS,-0.406230625
1393,NXDT,-0.405962073
1980,UVV,-0.402813267
1683,SCS,-0.402378404
774,FRBA,-0.402057421
118,ARL,-0.401193762
1626,RLJ,-0.40117128
1578,PYN,-0.400526476
1090,KEY,-0.400050146
723,FF,-0.399919492
942,HOMB,-0.399371228
889,GWW,-0.398667343
1892,TRGP,-0.397796424
2104,ZBRA,-0.397327692
492,CXW,-0.397284223
1831,TBNK,-0.397090984
2092,WY,-0.397037706
2052,WILC,-0.39491742
1910,TSLA,-0.393815886
324,CCK,-0.393809258
1752,SNT,-0.392823017
1984,VALU,-0.392520071
939,HOG,-0.391462562
1535,PNF,-0.390588932
1770,SPTN,-0.390183351
1264,MOFG,-0.389160913
847,GLBZ,-0.388663927
408,CNS,-0.387428771
2080,WSR,-0.386652094
673,EVR,-0.386614417
49,AGNC,-0.386143496
1777,SRDX,-0.386100887
1685,SCVL,-0.385542732
1519,PLAB,-0.38323802
1289,MTB,-0.380540981
161,AX,-0.379744011
203,BFH,-0.379093211
1046,ITT,-0.378487563
715,FDP,-0.377060462
1249,MLR,-0.376524718
1129,LCNB,-0.375670706
1960,UNTY,-0.374763677
1448,OXM,-0.374209644
200,BELFB,-0.373248266
1238,MIDD,-0.371162038
240,BMO,-0.371120119
997,IDXX,-0.370614539
1781,SSD,-0.369776625
1803,STWD,-0.369474872
1411,OFG,-0.36844823
883,GSM,-0.368059152
1171,LULU,-0.36784339
2005,VMI,-0.367350045
1822,TACT,-0.366309585
434,CPSH,-0.366094072
900,HBNC,-0.365791161
1532,PMT,-0.365249218
920,HIFS,-0.365224245
753,FMNB,-0.364905131
973,HVT,-0.364870748
956,HSII,-0.364626552
1091,KF,-0.362678515
493,CYD,-0.362159622
1195,MATX,-0.360808433
1452,PAA,-0.360514093
1197,MBWM,-0.358978472
250,BOSC,-0.358600652
1653,RYN,-0.358149971
1272,MPWR,-0.357597252
77,AMCX,-0.357258324
479,CVLY,-0.356211154
1097,KGEI,-0.355521458
166,AYI,-0.355449555
162,AXON,-0.355422897
2048,WGO,-0.354819593
1518,PKX,-0.354703732
1165,LRCX,-0.354689711
1062,JEF,-0.353519541
182,BBW,-0.35332697
1397,NYCB,-0.352562847
2103,ZBH,-0.352441577
2017,VSEC,-0.351583792
1537,PNI,-0.351461061
718,FDX,-0.351177651
180,BBSI,-0.350629063
214,BH,-0.350509713
155,AVT,-0.349885617
1786,STAA,-0.349518339
232,BLE,-0.348657669
725,FFBC,-0.347373864
1861,THR,-0.347060891
995,IDR,-0.346572069
2049,WHG,-0.346236777
949,HQI,-0.346124062
1016,INBK,-0.345153283
1054,JAZZ,-0.344738228
1407,OCUP,-0.344716415
1793,STK,-0.343334715
1415,OII,-0.342966875
1990,VEON,-0.34206851
685,EXPD,-0.340702203
1200,MCHP,-0.340557781
61,AKR,-0.340137423
974,HWBK,-0.339692568
457,CSPI,-0.338947094
693,FAF,-0.335748092
1967,USB,-0.335368943
981,IAF,-0.335345673
169,AZZ,-0.335311266
1365,NS,-0.335012248
1559,PRI,-0.334814524
20,ACNB,-0.334069113
418,COO,-0.333485463
386,CM,-0.333135728
1582,QCRH,-0.332743533
1678,SCD,-0.332461135
2050,WHLM,-0.33151361
1988,VCV,-0.331138495
1075,JOE,-0.330949451
1475,PCYO,-0.329899135
508,DCOM,-0.329111025
923,HIMX,-0.328524127
2019,VTN,-0.327665146
710,FCNCA,-0.327591727
1965,URI,-0.327573117
1000,IFF,-0.327419943
474,CVCO,-0.327389562
983,IART,-0.327381989
556,DSM,-0.327198375
1961,UONE,-0.326520197
941,HOLX,-0.326369558
1533,PMX,-0.32626081
852,GLW,-0.326022454
866,GPI,-0.325885975
1120,KYN,-0.325828973
1606,RELL,-0.325529815
1235,MHI,-0.32539972
117,ARI,-0.323830345
273,BVFL,-0.3237933
2094,X,-0.323626565
872,GRC,-0.323577845
874,GRFS,-0.323191152
758,FNB,-0.322897981
1142,LH,-0.32257641
387,CMA,-0.322406787
217,BHLB,-0.322387914
62,AL,-0.321875846
1188,MANH,-0.321570306
1738,SM,-0.321094494
1058,JBT,-0.320865553
1879,TNC,-0.319950548
1099,KKR,-0.319746185
1946,UHAL,-0.319438788
1998,VKI,-0.319221271
781,FRT,-0.319050803
1395,NXPI,-0.318733867
776,FRD,-0.318733842
820,GEL,-0.31809785
215,BHB,-0.317906522
216,BHE,-0.317625776
1679,SCHL,-0.316314437
370,CIVB,-0.315932675
497,CZWI,-0.315370128
37,AEIS,-0.314815918
245,BNS,-0.314708636
420,COR,-0.314515898
1951,ULH,-0.314401759
353,CHMG,-0.313943061
750,FMBH,-0.313568282
1421,OMAB,-0.313499097
1115,KSM,-0.312978685
442,CRI,-0.312971726
1711,SHW,-0.312903367
1610,REX,-0.312696384
184,BBY,-0.312066468
624,ENSG,-0.311307015
1313,NATH,-0.310170383
1948,UHT,-0.309350483
1024,INTT,-0.308816908
530,DIS,-0.308527088
233,BLK,-0.308062858
86,AMNB,-0.307664238
1330,NFBK,-0.307492397
914,HFBL,-0.305554586
1364,NRT,-0.304839148
1963,UPS,-0.304504355
1082,KALU,-0.30395926
89,AMS,-0.303670927
1754,SNX,-0.303505674
70,ALKS,-0.303374903
598,EGO,-0.303167684
584,EDN,-0.303131549
1424,ON,-0.303050718
201,BEN,-0.302441249
1890,TRC,-0.302184666
499,DAC,-0.302063275
1641,RRC,-0.301862471
1829,TAYD,-0.301435475
383,CLW,-0.301309239
460,CSV,-0.300913674
261,BRT,-0.300761577
1493,PFIS,-0.300675201
296,CAKE,-0.300523208
752,FMN,-0.300174024
1374,NTRS,-0.299984038
1380,NVEC,-0.299357473
314,CBRL,-0.299341675
963,HTH,-0.299101208
1163,LPX,-0.298670501
1109,KOP,-0.29861526
1556,PRG,-0.298306305
1132,LEA,-0.298152436
1194,MATW,-0.297952575
1811,SWKS,-0.297586709
1713,SIEB,-0.297432796
539,DLX,-0.297031421
1060,JCI,-0.296433897
1227,MGEE,-0.295762167
2078,WSM,-0.295601958
292,CADE,-0.295410125
591,EFSC,-0.294879004
986,IBM,-0.294838416
672,EVN,-0.294469426
2003,VLY,-0.29426778
2100,YORW,-0.294079102
375,CLF,-0.293418403
1315,NBH,-0.293359373
1161,LOW,-0.293159289
2028,WAL,-0.293111867
1622,RJF,-0.292698634
489,CXE,-0.292404183
223,BJRI,-0.292278217
1372,NTES,-0.291895662
142,ATRI,-0.291466402
1757,SOHO,-0.29131359
526,DHX,-0.291178117
899,HBM,-0.291004827
671,EVM,-0.290890855
1128,LCII,-0.29006134
540,DMF,-0.289282807
696,FAST,-0.289107216
879,GS,-0.289074852
1955,UNB,-0.288319537
965,HTLD,-0.287559171
1118,KTF,-0.287397466
934,HMY,-0.287295345
156,AVY,-0.287071223
1820,T,-0.286916268
918,HI,-0.286693975
17,ACLS,-0.286495705
926,HIX,-0.286336965
1100,KLAC,-0.285360465
315,CBSH,-0.284872188
975,HWC,-0.283878077
822,GENC,-0.283549683
1567,PSMT,-0.283128905
1825,TAP,-0.282173204
134,ASTE,-0.281792034
1816,SXT,-0.281448058
1282,MSEX,-0.281266294
623,ENS,-0.279646939
21,ACOR,-0.279371171
646,ESCA,-0.278917686
381,CLRO,-0.278738692
661,ETO,-0.277505794
1631,RNST,-0.276800569
1426,OPBK,-0.276556233
206,BFZ,-0.276050972
1488,PFBC,-0.275907278
1688,SEE,-0.275341748
1550,PPG,-0.275337988
1530,PMM,-0.275327962
132,ASML,-0.275180047
901,HCA,-0.274808047
1405,OCFC,-0.274584918
187,BCBP,-0.274519776
768,FORM,-0.274111499
344,CGO,-0.274022196
1648,RVSB,-0.273280715
2057,WKC,-0.273272608
26,ADEA,-0.273266784
1010,IIM,-0.273161491
1119,KWR,-0.27303505
377,CLH,-0.272987607
2108,ZTR,-0.272957792
1695,SF,-0.272560974
1667,SBCF,-0.272064216
1783,SSNC,-0.272023168
1528,PMF,-0.27190529
746,FLS,-0.271702188
565,DVN,-0.271560199
283,BXP,-0.271495504
1579,PZC,-0.271448765
414,COHU,-0.271157699
1351,NNN,-0.271126584
1104,KMT,-0.270966024
1476,PDCO,-0.270518788
1992,VGM,-0.270501098
955,HSIC,-0.270105961
226,BKE,-0.269925998
833,GGT,-0.269628713
1474,PCRX,-0.269523493
327,CCRD,-0.268808899
1875,TM,-0.267664932
1765,SPGI,-0.267522732
475,CVCY,-0.267277985
886,GTN,-0.267179626
717,FDUS,-0.267132342
659,ETJ,-0.267084299
2081,WST,-0.266977653
1529,PML,-0.266801874
1438,OSBC,-0.266752811
1720,SIRI,-0.266657463
1999,VKQ,-0.266448489
1531,PMO,-0.266403939
1923,TWN,-0.266314769
1382,NVMI,-0.266173621
1597,RCMT,-0.266115543
179,BBDC,-0.265871785
589,EFC,-0.265653352
1546,POWI,-0.265369852
1652,RYAAY,-0.26514505
854,GMAB,-0.264781589
1308,MYN,-0.26476078
1135,LEO,-0.264597883
1299,MUI,-0.263785439
1224,MFM,-0.263437907
422,COST,-0.262883915
303,CASH,-0.262747484
544,DORM,-0.26164735
398,CMU,-0.261465741
458,CSQ,-0.26116935
764,FOF,-0.26092668
413,COFS,-0.259629701
626,ENX,-0.259432017
222,BIP,-0.259374551
1817,SYBT,-0.258892634
1536,PNFP,-0.258698024
735,FICO,-0.258593932
748,FLXS,-0.258057758
374,CLDT,-0.257067922
2051,WHR,-0.256822563
122,AROW,-0.256816989
7,AB,-0.25667705
1349,NMT,-0.256632252
1222,MFIC,-0.256468845
1821,TAC,-0.255996126
294,CAG,-0.255572858
1540,PNR,-0.255490972
116,ARE,-0.255293315
1085,KDP,-0.255094908
29,ADP,-0.254993915
795,FUSB,-0.254840331
428,CPG,-0.254631891
621,ENB,-0.254486715
1244,MKTX,-0.254444668
951,HRB,-0.253977046
39,AEM,-0.252930178
1525,PLX,-0.252707424
1285,MSM,-0.251887725
1323,NDSN,-0.251819057
619,EMN,-0.251759299
1698,SFNC,-0.251099592
716,FDS,-0.250763832
1733,SLGN,-0.250645551
1420,OLP,-0.250282597
1721,SITC,-0.250028616
1846,TEO,-0.250024008
1543,PODD,-0.249411135
684,EXP,-0.249127404
1276,MRTN,-0.249124867
205,BFS,-0.24889371
1779,SSB,-0.248884225
22,ACP,-0.248796236
159,AWK,-0.248587673
2031,WBA,-0.24831963
1301,MVF,-0.248045616
1649,RVT,-0.247919521
1737,SLRC,-0.247638283
87,AMP,-0.247450305
1611,RF,-0.247426779
888,GVA,-0.247387494
692,F,-0.247373266
1266,MORN,-0.246842614
2027,WAFD,-0.246475276
103,AOS,-0.245964149
478,CVLG,-0.245751168
145,AU,-0.245390895
152,AVGO,-0.244679559
929,HLIT,-0.244596154
1371,NTAP,-0.244472147
946,HP,-0.24393303
2013,VRSK,-0.243769486
1632,ROCK,-0.243280466
289,CAC,-0.242938928
1835,TCOM,-0.242914933
1639,RPM,-0.242877295
532,DJCO,-0.242595212
760,FNF,-0.242518794
1399,NZF,-0.242049166
1764,SPG,-0.241771744
704,FCAP,-0.241622229
322,CCI,-0.241553765
282,BXMX,-0.240839325
168,AZO,-0.240793011
412,COF,-0.240728633
1650,RVTY,-0.240496437
1284,MSI,-0.240255881
1092,KFFB,-0.239972157
258,BRKL,-0.239673572
279,BX,-0.239617254
724,FFA,-0.239555523
1105,KMX,-0.239349414
737,FITB,-0.23927071
1400,O,-0.238857
1921,TWI,-0.238015621
328,CCRN,-0.237991256
2072,WPP,-0.237702623
331,CE,-0.237070757
1651,RY,-0.236855647
1943,UFPT,-0.236714463
1623,RL,-0.23662236
358,CHTR,-0.236465548
537,DLR,-0.236337532
1258,MNSB,-0.236270399
510,DDS,-0.235554667
1151,LMAT,-0.235503341
384,CLWT,-0.235421205
853,GM,-0.235168286
656,ETB,-0.235112401
1357,NOM,-0.235016904
969,HUBG,-0.234369851
967,HTY,-0.234048803
394,CMPR,-0.23404677
663,ETV,-0.233941802
1795,STLD,-0.233886716
1379,NVDA,-0.233118527
338,CEV,-0.233008335
1771,SPXC,-0.232348306
316,CBT,-0.232099693
667,EVC,-0.23197451
1670,SBH,-0.229921162
90,AMSF,-0.229883925
897,HBAN,-0.229582628
851,GLU,-0.229305413
2015,VRTS,-0.229299731
27,ADI,-0.229258363
1744,SMMF,-0.229126632
1887,TPR,-0.228939607
647,ESE,-0.22890544
1204,MCO,-0.228742624
1841,TECH,-0.228701185
1103,KMI,-0.228637234
443,CRK,-0.228325952
64,ALCO,-0.228227892
1389,NWG,-0.228208032
2046,WFC,-0.227527405
415,COKE,-0.227331312
1660,SANW,-0.227297623
440,CRF,-0.227166969
713,FCX,-0.227118577
271,BUD,-0.226902608
359,CHW,-0.226848365
1333,NGG,-0.226751117
1722,SIX,-0.226538931
238,BME,-0.226533667
800,GABC,-0.226245521
1638,ROST,-0.225902421
365,CIGI,-0.225526134
1034,IRM,-0.22549593
682,EXK,-0.225350074
1656,SAM,-0.224971107
1048,ITW,-0.224788565
1310,NAD,-0.224561616
1987,VC,-0.224363902
2076,WSBF,-0.224068671
456,CSL,-0.224056001
196,BDJ,-0.223838156
96,AN,-0.22359983
574,EBAY,-0.223522043
1745,SMP,-0.223251501
925,HIW,-0.223250033
1176,LXU,-0.222841649
454,CSGS,-0.222622766
1602,RDY,-0.222617122
658,ETG,-0.222489521
655,ET,-0.222065379
1261,MO,-0.221685569
1964,URBN,-0.221651712
2087,WTRG,-0.221477515
1057,JBSS,-0.221010552
1723,SJM,-0.220930755
1674,SBS,-0.220833179
578,EBTC,-0.220786046
432,CPRT,-0.220642438
875,GRMN,-0.219843064
1434,ORCL,-0.219583243
797,FXNC,-0.219528203
572,EAD,-0.219194883
1181,LZB,-0.219028844
816,GDV,-0.218762042
8,ABCB,-0.218745001
513,DENN,-0.218621342
1947,UHS,-0.217905266
1627,RMBS,-0.217845423
1417,OKE,-0.21715651
604,EIM,-0.216320755
48,AGM,-0.216168363
1431,OPY,-0.216138846
1123,LAKE,-0.215967898
912,HEQ,-0.215881101
128,ASG,-0.21583152
1751,SNPS,-0.215754763
1106,KNX,-0.215521299
1388,NWFL,-0.215517976
878,GRX,-0.215429353
801,GAIN,-0.215312521
1748,SNEX,-0.21521923
1876,TMO,-0.214816862
444,CRL,-0.214737869
1303,MWA,-0.214606423
1345,NMFC,-0.214372503
341,CFFI,-0.213946929
154,AVNW,-0.213606058
767,FORD,-0.213092236
5,AAPL,-0.212971768
4,AAP,-0.212788719
602,EHI,-0.212557503
2029,WASH,-0.21254984
1479,PDS,-0.211786731
1064,JHI,-0.211468758
522,DHI,-0.211461805
1350,NNI,-0.210930575
1489,PFC,-0.210861453
1513,PIPR,-0.210847826
580,ECF,-0.210705607
567,DXLG,-0.210662651
732,FHN,-0.210595191
2030,WAT,-0.209995881
676,EVV,-0.209915457
984,IBCP,-0.209898928
962,HTGC,-0.20961812
628,EOS,-0.209444026
1856,TGT,-0.208932855
366,CII,-0.208362564
1694,SEVN,-0.207910266
545,DOV,-0.20772963
1254,MMU,-0.207697724
905,HD,-0.207685335
850,GLRE,-0.207615636
290,CACC,-0.207366795
1624,RLGT,-0.207310982
880,GSBC,-0.207242951
1410,ODP,-0.207115945
1234,MHF,-0.206993209
1516,PKG,-0.206887256
1111,KR,-0.206861889
1904,TS,-0.206333104
2088,WTS,-0.206051677
1495,PFLT,-0.205599323
2022,VVI,-0.205580319
1628,RMD,-0.205535627
1897,TRNO,-0.205209081
1547,POWL,-0.205009704
699,FBIZ,-0.204915303
860,GOGL,-0.204040773
343,CGNX,-0.203127825
1435,ORI,-0.202940775
18,ACM,-0.20277301
88,AMRC,-0.202577495
524,DHR,-0.201857377
1851,TFX,-0.201768283
1993,VGR,-0.201619786
490,CXH,-0.20138886
2096,XOM,-0.201007308
463,CTAS,-0.200821463
293,CAE,-0.200574942
1257,MNRO,-0.200498269
596,EGBN,-0.200470858
633,EPR,-0.200070339
280,BXC,-0.199966612
1406,OCSL,-0.199705263
1029,IP,-0.199288825
569,DY,-0.199113248
2016,VRTX,-0.198759294
1337,NHS,-0.198587612
548,DQ,-0.198503032
649,ESGR,-0.198347339
605,EIX,-0.198248398
1418,OLED,-0.198042348
1872,TKR,-0.197824978
1462,PBA,-0.197646698
367,CIK,-0.197488626
665,ETY,-0.197450203
1640,RPT,-0.197044278
60,AKAM,-0.196802425
677,EW,-0.196594852
1655,SAIA,-0.196549076
2070,WPC,-0.196188445
1102,KMB,-0.196112145
1739,SMBC,-0.196068316
1251,MMS,-0.195925151
6,AAT,-0.19577068
1005,IHG,-0.195759961
1767,SPNS,-0.195727571
972,HURN,-0.195539542
448,CRT,-0.194989975
1170,LTC,-0.19494574
1063,JEQ,-0.194802833
417,COLM,-0.194550715
1580,PZZA,-0.194163542
1392,NX,-0.193560909
1212,MDT,-0.19301836
1019,INFU,-0.192998242
1787,STAG,-0.192943447
105,APA,-0.192299904
1480,PEAK,-0.19213229
1522,PLOW,-0.192118614
1184,MAA,-0.192102924
242,BMRN,-0.192019128
1806,SUI,-0.191996487
228,BKNG,-0.191803861
2032,WBS,-0.191555735
1534,PNC,-0.191295737
813,GDEN,-0.191170158
1065,JHS,-0.191147718
247,BOH,-0.191094237
378,CLM,-0.190411908
627,EOG,-0.190257526
1446,OVV,-0.190033669
1818,SYK,-0.189939474
1386,NWBI,-0.189761243
529,DIOD,-0.189741203
1113,KRG,-0.189428015
2054,WIRE,-0.189404438
441,CRH,-0.189320023
2084,WTFC,-0.189166387
893,HAFC,-0.188815696
576,EBMT,-0.188684092
447,CRS,-0.188525239
1461,PB,-0.187783779
1629,RMT,-0.187461733
1934,UAN,-0.187444162
2040,WELL,-0.187331478
1148,LKFN,-0.187084755
1124,LAMR,-0.187077857
1819,SYY,-0.187039253
388,CMC,-0.186476093
1978,UVE,-0.186432937
1718,SIM,-0.186048199
742,FLEX,-0.18595131
1362,NRIM,-0.18576307
1497,PFS,-0.185630726
2060,WLK,-0.185628063
2063,WMK,-0.18555569
1290,MTCH,-0.184772896
76,AMAT,-0.184602613
1226,MGA,-0.18397367
1152,LMNR,-0.183857587
1210,MDLZ,-0.183667988
278,BWXT,-0.183531102
1885,TOWN,-0.183232998
74,ALV,-0.183003283
697,FAX,-0.182377059
1864,TILE,-0.181887746
790,FUL,-0.181441098
13,ABT,-0.181375199
1995,VICR,-0.180530054
1867,TITN,-0.180404413
28,ADM,-0.180402721
2075,WSBC,-0.180291661
82,AMG,-0.180220418
1973,UTI,-0.180202488
3,AAON,-0.180061007
1112,KRC,-0.179200418
2020,VTR,-0.179189006
1939,UCBI,-0.178976027
991,ICL,-0.178802453
16,ACIW,-0.178726847
977,HXL,-0.178459219
1116,KT,-0.178312418
641,ERC,-0.177859628
730,FFNW,-0.177668427
1966,USA,-0.17721442
966,HTLF,-0.176869491
1726,SKM,-0.176009931
1134,LEN,-0.175839892
1139,LGI,-0.175471799
581,ECL,-0.175469112
631,EPD,-0.17531965
235,BLW,-0.175159173
632,EPM,-0.175081641
1926,TXN,-0.174199485
780,FRST,-0.174097713
1677,SCCO,-0.173833253
1849,TFII,-0.173629522
807,GBDC,-0.173609456
1746,SNA,-0.172619445
535,DLB,-0.172475691
896,HAYN,-0.171886589
1917,TTEK,-0.171506552
255,BR,-0.171393093
1832,TCBI,-0.171270333
1598,RCS,-0.171113786
1177,LYB,-0.170874796
636,EQIX,-0.170872525
1288,MT,-0.170695326
92,AMT,-0.170563982
451,CRWS,-0.170509067
188,BCE,-0.170460102
1014,IMO,-0.170304924
582,ED,-0.170267466
1577,PXD,-0.170102172
120,ARMN,-0.169387159
2079,WSO,-0.169015374
734,FIBK,-0.168974473
1017,INCY,-0.168852929
1906,TSBK,-0.168665293
1541,PNRG,-0.168664332
151,AVD,-0.168525413
552,DRQ,-0.168145416
517,DGICA,-0.167662953
538,DLTR,-0.167568032
1501,PGP,-0.167549473
1772,SPXX,-0.167437918
299,CALX,-0.167408457
347,CHD,-0.166992861
1920,TU,-0.166985018
1587,R,-0.166192459
177,BBAR,-0.166142881
611,ELS,-0.166020084
2012,VRNT,-0.165811953
379,CLMB,-0.165783621
1756,SO,-0.165689761
385,CLX,-0.165685326
786,FTF,-0.165429136
1470,PCK,-0.165202273
1815,SXI,-0.164913215
1945,UGP,-0.164827
1857,THC,-0.164798793
998,IESC,-0.164685204
1681,SCI,-0.164319422
1368,NSP,-0.164012669
1689,SEIC,-0.163818887
947,HPQ,-0.163712881
1954,UMC,-0.163431962
1068,JKHY,-0.163391019
438,CRAI,-0.163375796
401,CNI,-0.16299824
382,CLS,-0.162711962
1763,SPE,-0.162438734
317,CBU,-0.162408859
55,AIN,-0.162349489
1157,LNW,-0.162293968
630,EPC,-0.16226612
496,CZNC,-0.162199161
606,EL,-0.161986684
1208,MD,-0.161630185
1741,SMCI,-0.161312971
1893,TRI,-0.16130599
1237,MHO,-0.161184456
363,CIF,-0.161064064
1220,MFD,-0.161017232
1732,SLF,-0.160625754
24,ADBE,-0.160447743
308,CATY,-0.160442507
1186,MAIN,-0.160139925
547,DPZ,-0.160024185
839,GIL,-0.159941074
1457,PAM,-0.159895784
643,ERIE,-0.159457266
1527,PM,-0.159208625
1336,NHI,-0.159062639
1260,MNTX,-0.158892307
1614,RGEN,-0.158773646
125,ARW,-0.158717436
1040,IT,-0.158709525
305,CASY,-0.158487897
691,EZPW,-0.158477892
138,ATLC,-0.158330623
1584,QQQX,-0.158325076
119,ARLP,-0.158008799
1953,UMBF,-0.157789109
1149,LKQ,-0.157562559
681,EXG,-0.157501972
1275,MRO,-0.157295536
1384,NVR,-0.157257749
1619,RHP,-0.157223909
741,FLC,-0.157208058
1346,NMI,-0.156929442
1868,TJX,-0.156496806
501,DAKT,-0.156086945
845,GLAD,-0.15608541
123,ARTNA,-0.156029702
32,ADX,-0.155973287
262,BRW,-0.155670575
259,BRKR,-0.155615457
195,BDC,-0.155458718
1782,SSL,-0.155346713
1552,PPL,-0.155234523
1894,TRMB,-0.155040577
355,CHRW,-0.154942515
2,AAME,-0.154890118
541,DMLP,-0.154696629
931,HMC,-0.154064154
818,GEF,-0.153887388
1098,KIM,-0.153836641
618,EML,-0.153566253
1322,NDAQ,-0.152965974
721,FELE,-0.152956636
873,GRF,-0.152820552
1836,TD,-0.152815578
803,GASS,-0.152740001
229,BKR,-0.152733383
2002,VLT,-0.152634146
728,FFIN,-0.152422376
992,ICLR,-0.1522326
1699,SFST,-0.151692602
2024,VZ,-0.151596159
1899,TROW,-0.151508557
2062,WMB,-0.151418457
913,HES,-0.151188746
1298,MUFG,-0.151182208
1316,NBIX,-0.151038955
1591,RBC,-0.150995774
1338,NHTC,-0.150978162
66,ALG,-0.150670542
620,EMR,-0.150403682
894,HAL,-0.150360493
1127,LBAI,-0.150360442
439,CRESY,-0.150283456
198,BDX,-0.150024216
863,GOOG,-0.149600547
54,AIG,-0.149356991
1557,PRGO,-0.149320374
1280,MSCI,-0.149128576
100,ANSS,-0.14879804
864,GOOGL,-0.148337914
1625,RLI,-0.148258307
674,EVRG,-0.148145977
472,CUZ,-0.148102613
266,BSRR,-0.147649942
2056,WIW,-0.147586348
1766,SPH,-0.146841226
1359,NOVT,-0.146712265
1126,LARK,-0.146627881
436,CPT,-0.146537903
1070,JLL,-0.146484128
766,FOR,-0.146456624
1789,STC,-0.145878642
407,CNQ,-0.145827972
1736,SLP,-0.145692866
19,ACN,-0.145264189
561,DTF,-0.144982397
1191,MAS,-0.144940262
1616,RGP,-0.144372123
163,AXP,-0.144328063
1828,TATT,-0.144320647
148,AUDC,-0.143797706
743,FLIC,-0.143666361
150,AVB,-0.143499407
1114,KRNY,-0.143455998
1390,NWN,-0.143450841
1684,SCSC,-0.143132241
924,HIO,-0.143072302
1283,MSFT,-0.142838435
1137,LFUS,-0.142793124
1931,TZOO,-0.142246835
1455,PAI,-0.142211847
2033,WCC,-0.142211035
1838,TDG,-0.141936235
51,AGRO,-0.141919624
1205,MCR,-0.1418636
287,C,-0.141848279
342,CFR,-0.141301274
1506,PHI,-0.141225182
186,BCAL,-0.141193543
480,CVS,-0.140791195
666,EVBN,-0.14068451
1778,SRE,-0.140646851
835,GHI,-0.140629421
426,CPE,-0.140589419
1526,PLXS,-0.140169384
1618,RHI,-0.139208564
799,GAB,-0.138479832
865,GPC,-0.138408426
1025,INTU,-0.13828149
1460,PAYX,-0.138219461
1277,MS,-0.138112706
113,ARCB,-0.137155727
645,ES,-0.136949038
1797,STN,-0.136888671
1080,K,-0.136717222
2038,WEA,-0.136469105
107,APH,-0.136467259
782,FSFG,-0.136254896
1710,SHOO,-0.136212669
1907,TSCO,-0.136081152
1011,IMAX,-0.13568258
170,B,-0.135595454
1150,LLY,-0.135335623
1247,MLKN,-0.135223921
302,CARE,-0.134809078
1847,TER,-0.134783748
1858,THFF,-0.134711642
859,GOF,-0.134529261
140,ATO,-0.134295882
1509,PHT,-0.134184044
1500,PGC,-0.134172257
1093,KFRC,-0.133999822
1378,NUW,-0.133814025
270,BTZ,-0.13375602
843,GIS,-0.133357478
638,EQR,-0.133298381
1027,IOR,-0.133186211
664,ETW,-0.13314875
498,D,-0.133060094
2043,WEX,-0.133035603
1589,RAVE,-0.133007711
101,AOD,-0.132697165
1358,NOV,-0.132179303
707,FCF,-0.132164321
1125,LANC,-0.131479513
1985,VBF,-0.131402474
761,FNLC,-0.131097799
1583,QGEN,-0.130966244
521,DHF,-0.130649587
694,FAM,-0.130392828
202,BFC,-0.130080698
1055,JBHT,-0.130011761
1769,SPSC,-0.129962747
1083,KB,-0.129792313
1671,SBI,-0.129759504
1850,TFSL,-0.129541362
430,CPK,-0.129115968
1504,PH,-0.128805008
590,EFR,-0.128404364
1844,TEI,-0.128145863
968,HUBB,-0.128114694
1826,TARO,-0.127384242
1635,ROK,-0.127291088
1731,SLB,-0.127226646
1305,MXE,-0.127098986
557,DSU,-0.126986243
1975,UTMD,-0.126655116
83,AMGN,-0.126591209
1889,TR,-0.126517975
174,BANF,-0.126375063
1929,TY,-0.126299177
427,CPF,-0.126133321
1263,MODG,-0.125567938
1295,MTR,-0.125541569
1944,UG,-0.125408521
494,CYH,-0.12534282
1178,LYG,-0.12529156
592,EFT,-0.125186347
1253,MMT,-0.12511105
1072,JNJ,-0.124927545
1022,INGR,-0.124838616
1394,NXP,-0.124673549
1898,TRNS,-0.124616432
1637,ROP,-0.124254391
1031,IPG,-0.123948597
884,GTE,-0.123926479
722,FERG,-0.123921534
549,DRD,-0.123786755
2036,WDFC,-0.123667257
80,AMED,-0.123336991
1117,KTCC,-0.1233288
533,DK,-0.123099227
1051,JACK,-0.122459366
56,AIR,-0.122291751
112,ARC,-0.122230946
1078,JPM,-0.122203814
794,FUND,-0.122047091
1203,MCN,-0.12185507
127,ASB,-0.121691643
425,CPB,-0.121379872
1248,MLM,-0.121284309
477,CVI,-0.120920206
461,CSWC,-0.120746941
826,GF,-0.120432085
796,FWRD,-0.120125433
1409,ODFL,-0.119876309
2064,WMPN,-0.11947058
424,CPA,-0.119437916
41,AEP,-0.119400134
126,ASA,-0.118743314
911,HELE,-0.118550072
102,AON,-0.118546922
1600,RDN,-0.118452588
1108,KOF,-0.117954454
1366,NSC,-0.117660891
2067,WNEB,-0.117587679
164,AXR,-0.117452899
2039,WEC,-0.117071618
1306,MXF,-0.116999082
372,CL,-0.116926829
733,FI,-0.11690081
777,FRME,-0.11668217
1773,SQM,-0.116368344
1416,OIS,-0.116321871
133,ASR,-0.116131181
1901,TRST,-0.115930185
1813,SWZ,-0.115919949
689,EXR,-0.115827677
224,BK,-0.115821088
131,ASM,-0.115815121
212,BGX,-0.115186818
1524,PLUS,-0.115058772
207,BG,-0.114876103
241,BMRC,-0.114813761
1466,PCAR,-0.114790313
1250,MMC,-0.114675206
1225,MFV,-0.114643094
146,AUB,-0.114352922
1228,MGF,-0.114170785
1035,IROQ,-0.113953299
1979,UVSP,-0.113781791
802,GAM,-0.113778641
1002,IGA,-0.113762593
1792,STEW,-0.113543462
1799,STRA,-0.113514795
1028,IOSP,-0.113459652
301,CAR,-0.112808655
662,ETR,-0.11234082
769,FORR,-0.112267525
73,ALRS,-0.112027631
1521,PLD,-0.111893513
263,BSAC,-0.111795955
615,EMD,-0.111760684
483,CW,-0.11175188
1067,JJSF,-0.111422426
1326,NEN,-0.1111294
1385,NVS,-0.110996828
121,AROC,-0.110249984
1317,NBN,-0.109983803
1843,TEF,-0.109957866
1874,TLK,-0.109659551
588,EEFT,-0.109509207
25,ADC,-0.109408956
1512,PIM,-0.109276943
1473,PCQ,-0.109053274
1883,TOL,-0.108953084
948,HQH,-0.108825958
1377,NUV,-0.108647929
71,ALNT,-0.108460846
2061,WM,-0.108413339
1467,PCF,-0.108392265
403,CNMD,-0.108202054
1940,UDR,-0.107946984
471,CULL,-0.107501296
1514,PKBK,-0.107352365
978,HYB,-0.107220145
1774,SR,-0.10712081
1324,NECB,-0.107114156
1353,NOAH,-0.106981885
234,BLKB,-0.106952591
1740,SMBK,-0.106920631
350,CHEF,-0.106503365
1936,UBFO,-0.105741498
157,AWF,-0.105526811
1059,JCE,-0.104996997
1471,PCM,-0.104948078
2042,WERN,-0.104907914
1363,NRP,-0.104897022
701,FBNC,-0.104653175
1982,VABK,-0.104567829
2047,WFCF,-0.104087245
1742,SMFG,-0.103940501
1032,IPGP,-0.103439425
1454,PAG,-0.103428801
979,HYT,-0.103036521
587,EEA,-0.103022748
319,CCBG,-0.103012822
171,BAC,-0.102709882
908,HE,-0.10247969
1837,TDC,-0.102457519
495,CZFS,-0.102439892
1141,LGND,-0.102379156
1873,TLF,-0.102362068
1719,SIMO,-0.102360332
1564,PRU,-0.10164787
1707,SHG,-0.101584096
1553,PPT,-0.101265699
97,ANDE,-0.101039681
1824,TAK,-0.100673013
1676,SBUX,-0.100387737
1573,PUK,-0.100193241
1554,PRDO,-0.099994179
351,CHH,-0.09990845
1801,STRT,-0.099810611
2004,VMC,-0.099742213
1950,ULBI,-0.099219551
1439,OSIS,-0.099193136
579,EC,-0.099169357
1972,UTHR,-0.098856988
348,CHDN,-0.098537623
1702,SGMA,-0.09799728
1596,RCL,-0.097950616
1436,ORLY,-0.097862368
909,HEES,-0.097726405
307,CATC,-0.097630567
562,DUK,-0.097605844
1791,STE,-0.097594816
1802,STT,-0.097420384
213,BGY,-0.096982447
806,GBCI,-0.096971072
63,ALB,-0.096968567
1776,SRCE,-0.096926457
211,BGT,-0.096502195
361,CIB,-0.09633169
285,BYFC,-0.096262932
804,GATX,-0.09585595
2086,WTM,-0.095792785
220,BIDU,-0.095511971
345,CHCI,-0.095473594
396,CMS,-0.095143033
891,H,-0.095102494
1256,MNDO,-0.094963203
246,BOE,-0.094438616
311,CBFV,-0.094199162
976,HWKN,-0.094063076
1927,TXRH,-0.09356905
2025,WAB,-0.092956739
785,FSS,-0.092569042
2034,WCN,-0.092074368
1496,PFN,-0.091644216
1442,OTEX,-0.091530967
1991,VET,-0.091465313
779,FRPH,-0.091110271
1962,UPBD,-0.090738322
1759,SON,-0.090729915
1680,SCHW,-0.090688533
953,HRL,-0.090630405
2053,WINA,-0.089554919
2083,WTBA,-0.089502989
42,AER,-0.089422522
419,COP,-0.089380518
111,APWC,-0.089259279
1300,MUR,-0.088756595
1603,REG,-0.088627895
1877,TMP,-0.088616505
1076,JOF,-0.088549402
551,DRI,-0.088425149
950,HQL,-0.088424316
1675,SBSI,-0.088265367
1095,KFY,-0.087965313
1412,OFLX,-0.087776723
1687,SEB,-0.087695018
487,CWT,-0.087637062
488,CX,-0.08759861
243,BMY,-0.087290261
898,HBCP,-0.087197175
1216,MELI,-0.086976389
1423,OMEX,-0.086849731
726,FFC,-0.086225138
72,ALOT,-0.085773553
1508,PHM,-0.085738576
210,BGR,-0.085675182
1788,STBA,-0.085593888
1189,MAR,-0.085534673
1347,NMM,-0.085508428
980,HZO,-0.085503638
1133,LECO,-0.085226746
9,ABEV,-0.08460184
147,AUBN,-0.084579551
1486,PEP,-0.084566752
811,GCBC,-0.084388704
2000,VLGEA,-0.08378257
1642,RS,-0.083685831
772,FRA,-0.083678274
482,CVX,-0.083451818
784,FSLR,-0.08324227
208,BGC,-0.082984373
1617,RGR,-0.082804129
1291,MTD,-0.082550555
1902,TRT,-0.082470475
58,AIZ,-0.082147995
738,FIX,-0.08207832
1804,STZ,-0.082014179
719,FE,-0.081941685
462,CSX,-0.081921642
1183,MA,-0.081882399
10,ABG,-0.081858852
1243,MKL,-0.081856738
2090,WU,-0.081458736
256,BRC,-0.08100592
329,CCU,-0.080988327
910,HEI,-0.080816642
1485,PEO,-0.080665736
473,CVBF,-0.080531256
1209,MDC,-0.080450348
1340,NICE,-0.080344014
445,CRM,-0.080261242
856,GNT,-0.080019599
160,AWR,-0.079831464
1981,V,-0.079736177
106,APD,-0.079548184
1211,MDRX,-0.078801895
862,GOLD,-0.078582006
639,EQS,-0.078067269
1511,PII,-0.077782727
1643,RSG,-0.077645508
35,AEHL,-0.077580171
857,GNTX,-0.076920486
739,FIZZ,-0.076651827
1221,MFG,-0.076559212
1572,PTY,-0.076366833
265,BSL,-0.07597785
1061,JCTCF,-0.075949304
711,FCO,-0.075877959
1903,TRV,-0.075742229
1542,PNW,-0.075740628
227,BKH,-0.075499721
1555,PRFT,-0.075176368
115,ARCO,-0.07509145
669,EVG,-0.074624741
1293,MTH,-0.074521356
248,BOKF,-0.074348024
1156,LNT,-0.074204728
1084,KBH,-0.074174228
1914,TTC,-0.073868375
1413,OGE,-0.073856402
712,FCT,-0.073281534
1334,NGS,-0.073191739
1938,UBSI,-0.073133922
1974,UTL,-0.072780762
2107,ZION,-0.072608226
2014,VRSN,-0.072588828
1505,PHD,-0.072473774
938,HNW,-0.072160059
191,BCO,-0.072115936
763,FNWD,-0.071548234
2009,VOC,-0.071039324
1659,SANM,-0.070865418
1335,NHC,-0.070730963
1020,INFY,-0.070628555
364,CIG,-0.07058886
1682,SCL,-0.070233618
828,GFI,-0.069899618
550,DRH,-0.069743567
1997,VIV,-0.069498924
1814,SXC,-0.069354607
756,FMY,-0.069181739
1484,PEG,-0.068525189
1440,OSK,-0.068369278
944,HOPE,-0.068315016
1499,PG,-0.067796466
1661,SAP,-0.067217126
571,EA,-0.066892698
1800,STRL,-0.066271506
406,CNP,-0.066166936
915,HFWA,-0.066112253
700,FBMS,-0.065686187
528,DINO,-0.065632481
137,ATI,-0.065524694
108,APO,-0.065330653
1089,KEX,-0.064890788
288,CAAS,-0.064749773
917,HHS,-0.064343119
617,EMF,-0.063595625
1780,SSBI,-0.063402729
1026,INVA,-0.063252493
892,HAE,-0.063183153
491,CXT,-0.063142902
57,AIT,-0.063125377
1441,OSUR,-0.06249518
744,FLO,-0.062099367
2077,WSFS,-0.061946713
1245,MLAB,-0.061931453
1425,ONB,-0.061815744
165,AXS,-0.061433641
1895,TRMK,-0.061365364
1468,PCG,-0.061041447
1242,MKC,-0.061010325
1202,MCK,-0.06097767
1896,TRN,-0.06087365
0,A,-0.060798729
2059,WLFC,-0.06047507
1018,INDB,-0.060405195
1169,LSTR,-0.060248001
1472,PCN,-0.059084043
1107,KO,-0.058382505
1812,SWN,-0.058159652
1422,OMC,-0.058103598
1121,L,-0.058003332
1341,NIM,-0.057939614
1666,SBAC,-0.057886773
993,IDA,-0.057536313
516,DG,-0.057487172
560,DTE,-0.056890883
1001,IFN,-0.056341846
1588,RAND,-0.056135191
668,EVF,-0.056020218
1187,MAN,-0.055796925
837,GIB,-0.055632081
1630,RNR,-0.055191828
770,FORTY,-0.054680498
1312,NAT,-0.054591468
272,BUSE,-0.054575204
2095,XEL,-0.053985239
1239,MIN,-0.053620152
989,ICE,-0.052950037
1281,MSD,-0.05276936
310,CBAN,-0.052366029
141,ATR,-0.051762315
1447,OXLC,-0.051253356
789,FTS,-0.051190348
404,CNO,-0.050649972
887,GTY,-0.050188204
706,FCCO,-0.050061151
1510,PHX,-0.049942237
1328,NEU,-0.049844269
755,FMX,-0.049547959
1520,PLBC,-0.04943764
1387,NWE,-0.049016447
727,FFIC,-0.04846319
1481,PEBK,-0.048360435
1007,IIF,-0.047900531
465,CTLP,-0.047627918
1717,SII,-0.047377317
158,AWI,-0.047144463
2023,VVR,-0.047082959
1145,LIN,-0.046886986
231,BLDR,-0.046846742
1175,LXP,-0.046660566
236,BLX,-0.04650768
1255,MMYT,-0.046074906
1613,RGCO,-0.045672375
2065,WMT,-0.045472364
1937,UBS,-0.044948123
1696,SFBC,-0.044517653
390,CMCSA,-0.04433824
194,BCX,-0.044012851
506,DCI,-0.044012309
1464,PBR,-0.043967449
468,CTSH,-0.043830581
79,AME,-0.043728985
1494,PFL,-0.043309836
2068,WNS,-0.043040366
218,BHP,-0.042875543
254,BPT,-0.042577175
1304,MXC,-0.042576647
11,ABM,-0.042304084
2011,VPG,-0.042086275
1213,MDU,-0.041913297
1030,IPAR,-0.041683699
1342,NJR,-0.041539807
330,CDNS,-0.040404713
1196,MBCN,-0.040317694
1198,MCBC,-0.040103134
791,FULT,-0.040044051
114,ARCC,-0.039989005
703,FC,-0.03988585
2001,VLO,-0.039775612
1144,LII,-0.039569606
1561,PRK,-0.039534308
1909,TSI,-0.038690346
335,CENT,-0.03843086
464,CTBI,-0.03814915
1662,SAR,-0.038062345
452,CSCO,-0.037019441
1307,MYE,-0.03568546
504,DB,-0.035452492
337,CET,-0.035375746
1870,TKC,-0.034710934
657,ETD,-0.034617562
1262,MOD,-0.034567929
352,CHKP,-0.034538632
1704,SHBI,-0.034180471
881,GSK,-0.033994181
193,BCS,-0.033990622
1750,SNN,-0.033609534
930,HLX,-0.033512335
1735,SLMBP,-0.032863785
1663,SASR,-0.032500093
583,EDD,-0.032456609
43,AFG,-0.031625015
2073,WRB,-0.030703574
523,DHIL,-0.030489939
849,GLP,-0.030454394
834,GHC,-0.030402446
1563,PROV,-0.030341674
1594,RCI,-0.030291152
45,AFT,-0.029962308
1693,SENEB,-0.029683133
999,IEX,-0.029658748
1545,POR,-0.02953864
369,CINF,-0.029295364
1056,JBL,-0.029191193
481,CVU,-0.029038592
2018,VSH,-0.028691415
1122,LAD,-0.028378439
47,AGI,-0.027682406
1259,MNST,-0.027059968
1959,UNP,-0.026873249
1633,ROG,-0.026838118
1869,TK,-0.026537167
1935,UBCP,-0.025735199
882,GSL,-0.025172144
904,HCSG,-0.025040111
678,EWBC,-0.024482888
1697,SFL,-0.024116332
357,CHT,-0.023448449
400,CNC,-0.022528037
1003,IGD,-0.022494634
469,CUBA,-0.022345681
139,ATLO,-0.022314793
1143,LHX,-0.02186335
943,HON,-0.021349969
1986,VBFC,-0.021282794
1878,TMUS,-0.020647698
1823,TAIT,-0.020590178
1138,LFVN,-0.019357066
1130,LDOS,-0.018883414
423,CP,-0.018763349
1854,TGNA,-0.017952692
610,ELP,-0.017483854
470,CUBE,-0.017460327
1201,MCI,-0.017156505
830,GGB,-0.015630684
842,GIM,-0.01558949
876,GROW,-0.015458464
1167,LSBK,-0.01545172
599,EGP,-0.015201288
85,AMN,-0.015017572
635,EQC,-0.014875819
1450,OXY,-0.012901683
1908,TSEM,-0.012698811
431,CPLP,-0.012512051
1348,NMR,-0.012269289
450,CRVL,-0.011776152
346,CHCO,-0.011293295
1071,JMM,-0.011264701
1930,TYL,-0.011138757
136,ATGE,-0.011104701
1612,RGA,-0.011018242
1271,MPV,-0.010775035
736,FISI,-0.010300091
683,EXLS,-0.010142302
1339,NI,-0.008195246
507,DCO,-0.007257517
2037,WDS,-0.007163836
960,HSY,-0.006973974
660,ETN,-0.006773431
1565,PSA,-0.005963344
555,DSGX,-0.005684678
546,DOX,-0.005489795
1039,ISSC,-0.004341602
1657,SAN,-0.004278592
1008,III,-0.004083437
1871,TKO,-0.003589225
954,HSBC,-0.003076863
1360,NPK,-0.002905451
958,HST,-0.002503253
511,DE,-0.001682514
2089,WTW,4.77E-05
304,CASS,0.000943204
935,HNI,0.001081143
1223,MFIN,0.001084637
1692,SENEA,0.001243564
1318,NBTB,0.001631245
808,GBLI,0.00191763
2026,WABC,0.002442565
277,BWFG,0.002904129
1252,MMSI,0.003089197
181,BBVA,0.003239893
1607,RELX,0.003389872
1043,ITIC,0.003762839
841,GILT,0.003996371
916,HGBL,0.004220312
577,EBR,0.004283919
1853,TGH,0.004343
65,ALE,0.004501456
257,BRID,0.004599566
1725,SJW,0.006040152
1592,RBCAA,0.006047088
933,HMNF,0.006375074
1753,SNV,0.006550878
868,GPN,0.007259137
1913,TT,0.007563024
1465,PBT,0.007728724
467,CTS,0.007923722
336,CENTA,0.008707472
1443,OTTR,0.00877443
814,GDL,0.009103435
1761,SOR,0.009390302
1575,PWOD,0.009562298
1160,LOPE,0.009574346
34,AEF,0.010284703
313,CBRE,0.010799864
268,BTE,0.011496295
33,AEE,0.011962498
1449,OXSQ,0.012150678
297,CAL,0.012355156
1794,STLA,0.012906976
437,CQP,0.013318265
50,AGO,0.014430961
1928,TXT,0.015218266
653,ESS,0.016916833
708,FCFS,0.017296547
1644,RTO,0.017371089
1361,NR,0.017400285
1916,TTEC,0.017765714
654,ESSA,0.018006101
679,EXC,0.018051344
1840,TDY,0.018178451
1044,ITRI,0.018797671
1050,J,0.01969473
1482,PEBO,0.020479919
1233,MGYR,0.020491108
333,CEE,0.021134863
1344,NKSH,0.021648006
1274,MRK,0.023283709
1507,PHK,0.024187435
267,BSX,0.024317625
840,GILD,0.024690941
298,CALM,0.024735034
1302,MVO,0.025611377
1199,MCD,0.025699936
890,GYRO,0.026651012
1539,PNNT,0.027376985
167,AZN,0.027906176
274,BVN,0.02793926
751,FMC,0.028406555
318,CBZ,0.029844603
225,BKCC,0.029900247
393,CMI,0.029913236
985,IBKR,0.029970453
1219,MFC,0.030581541
731,FHI,0.030928032
1912,TSRI,0.031395191
269,BTG,0.031475542
702,FBP,0.032360102
52,AGX,0.033178187
31,ADUS,0.033494678
239,BMI,0.034231283
1477,PDEX,0.035512779
1568,PSO,0.035632241
1041,ITGR,0.036161441
1314,NATR,0.036194636
1414,OHI,0.036219854
1839,TDW,0.036566093
2010,VOD,0.036993814
616,EME,0.037295709
520,DGX,0.037796923
1833,TCBK,0.03855242
485,CWCO,0.038559496
129,ASGN,0.038903845
650,ESLT,0.039560306
1560,PRIM,0.040767694
614,ELV,0.041045791
832,GGN,0.041088876
1038,ISRG,0.041828488
568,DXPE,0.041922754
1217,MEOH,0.042237965
1490,PFE,0.042256259
570,E,0.042652546
1047,ITUB,0.043000029
687,EXPO,0.04346263
1760,SONY,0.043565766
1551,PPIH,0.043922399
189,BCH,0.043926578
14,ACCO,0.044317396
1810,SWKH,0.044783984
652,ESP,0.045058102
1429,OPOF,0.045319721
1654,SAFT,0.04580131
558,DSWL,0.045864132
323,CCJ,0.04668712
1538,PNM,0.046841579
625,ENTG,0.048487588
1231,MGPI,0.048591909
75,ALX,0.05007707
1403,OC,0.050150788
1949,UL,0.051334162
601,EHC,0.052056315
1758,SOL,0.052204731
651,ESOA,0.053159965
1599,RDCM,0.053509812
1882,TNP,0.053962198
281,BXMT,0.05396391
714,FDBC,0.054129978
59,AJG,0.054812405
389,CMCO,0.054828425
291,CACI,0.055695276
1021,ING,0.056158374
1855,TGS,0.056634221
1958,UNM,0.056781866
98,ANF,0.057966483
554,DSGR,0.058842583
1015,IMOS,0.058877894
640,EQT,0.059449896
2071,WPM,0.059493081
709,FCN,0.06012017
1609,RES,0.060458919
1502,PGR,0.060939728
922,HII,0.061913848
1207,MCS,0.062417182
771,FR,0.062572222
1159,LOGI,0.062654438
1432,ORA,0.063039983
486,CWST,0.063992397
1162,LPLA,0.064156723
309,CB,0.064213791
1569,PTC,0.065034218
1270,MPC,0.06525339
349,CHE,0.065980473
190,BCML,0.0663119
1373,NTIC,0.067906844
575,EBF,0.067972127
1865,TIMB,0.06855425
1621,RIO,0.068793375
1755,SNY,0.069457877
2091,WWD,0.07043981
844,GL,0.070553017
306,CAT,0.07064031
1994,VIAV,0.07076539
594,EG,0.071012047
2041,WEN,0.071507478
1664,SATS,0.073714375
2102,YUM,0.073726031
648,ESEA,0.074778097
275,BWA,0.074959544
1645,RTX,0.075108977
264,BSBR,0.075241172
1325,NEE,0.075277278
895,HALO,0.076390095
2066,WNC,0.076705257
1185,MAG,0.077548162
1376,NUS,0.077616371
1013,IMMR,0.077693663
509,DD,0.07837556
172,BAH,0.078865858
1180,LYV,0.07941457
798,G,0.080200378
629,EPAC,0.080991151
1690,SELF,0.081076456
176,BAP,0.082634145
1691,SEM,0.083483196
1888,TPX,0.084934543
1398,NYT,0.085059192
773,FRAF,0.085197291
1110,KOS,0.085728876
1278,MSA,0.08654471
1367,NSIT,0.086659338
1430,OPXS,0.08670411
1286,MSN,0.086888367
326,CCOI,0.08691984
1845,TEL,0.087030235
1956,UNF,0.087546836
15,ACGL,0.087631196
1590,RBA,0.08800648
339,CF,0.090053228
675,EVRI,0.090294193
130,ASH,0.091389503
2099,YHGJ,0.092243213
286,BZH,0.092327836
1269,MPB,0.093475033
1859,THG,0.094716964
1705,SHEL,0.095662704
1658,SAND,0.095899526
1296,MTRN,0.096856349
762,FNV,0.097153906
1146,LINC,0.097200942
178,BBD,0.098695435
961,HTBK,0.098963235
320,CCEL,0.099394307
729,FFIV,0.099557111
518,DGICB,0.09983719
600,EGY,0.100997041
67,ALGN,0.101704078
1037,ISDR,0.103127818
484,CWBC,0.103149747
765,FONR,0.103169248
1729,SKY,0.103897151
1049,IX,0.104013055
1444,OVBC,0.104451898
1294,MTN,0.104604884
321,CCEP,0.10470301
1615,RGLD,0.106406754
1401,OBE,0.106631233
585,EDU,0.109694685
536,DLHC,0.109751625
1957,UNH,0.111040295
1331,NFG,0.111807077
1517,PKOH,0.112344817
1218,MET,0.113043957
260,BRO,0.113234258
642,ERF,0.113342566
1924,TX,0.113628403
1976,UUU,0.113635631
819,GEG,0.113995654
906,HDB,0.11433911
1636,ROL,0.114374079
1491,PFG,0.114662488
221,BIIB,0.115437586
1214,MED,0.115571956
1880,TNK,0.116719687
416,COLB,0.118277452
1905,TSAT,0.119275242
932,HMN,0.120349941
104,AP,0.121621456
1155,LNN,0.122173909
514,DEO,0.122255012
204,BFIN,0.122959129
2055,WIT,0.123362688
527,DIN,0.124425731
1081,KAI,0.126314505
603,EIG,0.127562559
251,BOTJ,0.127846097
399,CNA,0.12861806
1768,SPOK,0.128640939
1140,LGL,0.128864311
2074,WRLD,0.130342127
453,CSGP,0.131826997
1886,TPL,0.133669967
409,CNX,0.134032471
1673,SBR,0.134229622
2045,WF,0.134375545
1601,RDNT,0.134592418
964,HTHT,0.135298795
559,DSX,0.13559455
1709,SHO,0.135689245
1686,SCX,0.13584216
429,CPHC,0.136394285
1402,OBT,0.137095038
1983,VALE,0.137360164
149,AVA,0.13744321
2093,WYNN,0.13879564
1996,VIRC,0.140710137
788,FTNT,0.143257731
792,FUN,0.143655633
1968,USLM,0.144139637
812,GD,0.144216406
391,CME,0.144711863
1153,LMT,0.145278664
360,CI,0.145568972
1045,ITRN,0.146216996
1523,PLPC,0.146580791
1700,SGA,0.148887753
46,AGCO,0.149887088
1712,SHYF,0.149978094
1672,SBLK,0.15001289
252,BP,0.151797338
749,FMAO,0.152974658
1881,TNL,0.153627989
1647,RUSHB,0.153999817
1784,SSRM,0.155529445
1558,PRGS,0.157863368
1918,TTGT,0.15853957
1229,MGIC,0.159583692
1915,TTE,0.160378704
612,ELSE,0.162771991
1900,TRS,0.163782277
1620,RICK,0.16466492
1088,KEQU,0.16512046
1805,SU,0.165700983
637,EQNR,0.166307712
1087,KELYB,0.167055746
1724,SJT,0.167078228
197,BDL,0.168759768
1352,NOA,0.170478422
2097,XPO,0.171031191
1970,USNA,0.171384086
982,IAG,0.171513919
996,IDT,0.17243694
793,FUNC,0.17416644
1941,UEC,0.174664574
1562,PRMW,0.175327284
1785,SSSS,0.177801112
2085,WTI,0.178534459
867,GPK,0.178889331
1273,MPX,0.180310865
1703,SGU,0.181794366
512,DECK,0.182569076
1433,ORAN,0.183681934
1646,RUSHA,0.184875544
1708,SHIP,0.185722768
848,GLNG,0.18693274
525,DHT,0.187645373
362,CIEN,0.187903697
253,BPOP,0.188320664
1404,OCC,0.200052563
312,CBOE,0.202365231
38,AEL,0.202744779
1445,OVLY,0.204017973
1503,PGTI,0.204737319
1356,NOK,0.204756549
783,FSI,0.205808268
1354,NOC,0.205830545
1232,MGRC,0.206573143
503,DAR,0.206676596
12,ABR,0.207139466
987,IBN,0.207398876
1515,PKE,0.208506471
1604,REGN,0.21142381
695,FANH,0.211949707
705,FCBC,0.212843419
1668,SBFG,0.213327028
1492,PFIE,0.215006417
144,ATSG,0.21613854
1268,MOV,0.218150787
466,CTRA,0.218320712
907,HDSN,0.219714009
1922,TWIN,0.219996182
824,GEOS,0.220265772
30,ADSK,0.221207734
334,CELH,0.22315852
1842,TECK,0.225552235
94,AMX,0.226466791
831,GGG,0.230062255
1319,NC,0.23062559
869,GPRK,0.232143372
1190,MARPS,0.232720086
1206,MCRI,0.23393048
970,HUM,0.234634806
1086,KELYA,0.236706366
1427,OPCH,0.23731516
1463,PBHC,0.237563672
531,DIT,0.238711948
778,FRO,0.243524275
971,HURC,0.243687415
1830,TBBK,0.248868849
1042,ITI,0.257496318
586,EDUC,0.260494446
1665,SB,0.261582938
284,BYD,0.264528793
91,AMSWA,0.267820759
988,IBOC,0.268029542
1852,TGB,0.268747015
940,HOLI,0.271389271
1173,LVS,0.272490144
1311,NAII,0.273728639
959,HSTM,0.277921608
990,ICFI,0.283478307
300,CAMT,0.297335611
1096,KGC,0.300690727
825,GES,0.304195216
921,HIG,0.305400813
500,DAIO,0.314676518
1383,NVO,0.315433984
609,ELMD,0.317610195
1848,TEX,0.320144123
1706,SHEN,0.320531094
1279,MSB,0.32059412
1549,PPC,0.321141002
1077,JOUT,0.321202939
1073,JNPR,0.323513422
380,CLMT,0.324157298
1969,USM,0.327926456
1716,SIGI,0.328232905
1762,SOTK,0.330244527
175,BANR,0.333147581
44,AFL,0.334858025
858,GNW,0.340706604
810,GBX,0.34218134
680,EXEL,0.343782852
340,CFBK,0.349687534
1265,MOH,0.363520117
2006,VMW,0.363889215
690,EXTR,0.36533601
2082,WT,0.372389048
1033,IPI,0.373633566
110,APT,0.377855534
1807,SUZ,0.384092841
421,CORT,0.385259181
1391,NWPX,0.386281582
1798,STNG,0.390025666
1166,LRN,0.394493116
759,FNCB,0.39599289
99,ANIP,0.396908913
53,AGYS,0.399123545
1069,JKS,0.402532392
1977,UUUU,0.407503326
1215,MEIP,0.410114103
597,EGLE,0.41682087
1714,SIFY,0.431042805
861,GOL,0.43224426
927,HLF,0.441710299
928,HLIO,0.441838741
1094,KFS,0.446656617
595,EGAN,0.446862318
836,GHM,0.447879081
249,BOOM,0.453529271
877,GRVY,0.45772301
1608,REPX,0.475429506
1292,MTG,0.483483866
1230,MGM,0.508121001
670,EVI,0.509734104
1790,STCN,0.515543473
2007,VNDA,0.528891208
815,GDOT,0.529104115
1053,JAN,0.531556874
397,CMT,0.532954405
957,HSON,0.562041435
542,DNN,0.565539332
871,GRBK,0.574779115
838,GIC,0.589976692
1136,LEU,0.607185247
219,BHRB,0.63168237
2109,ZYXI,0.696921632
564,DVAX,0.72684925
1240,MITK,0.818847705
613,ELTK,0.837071101
2098,XTNT,0.987990805
1154,LNG,1.042135053
634,EPSN,1.097589543
553,DRS,1.185604608
1321,NCPL,1.336209456
354,CHRD,10.13338567
